id,name,district,street,station,lines,d_m,area_m2,type,built_year,units_total,buildings,layout_main,large_unit,resettlement,confidence,note
1,新地中央花园,光明区,光明街道,光明大街,6,1.3,37930,混合,2016,1657-1679（其中住宅约578、公寓约1101）,5,住宅3房89㎡、2房82㎡、4房131-136㎡,部分,无,确认,备案名「新地中央广场」。总建面约26万㎡的综合体，业态含住宅+商务公寓+写字楼+商业，容积率4.8-4.86；OSM面37930㎡≈官方总用地3.5万㎡。户数口径分歧：乐有家1679户（住宅578+公寓1101），深圳房地产信息网「总房源578」只算商品住宅。
2,佳兆业云峰汇,光明区,光明街道,光明大街,6,176.9,33139,混合,未知（2020年11月开盘，交付年份未核实）,699（商品房；另配建保障性住房1.9万㎡）,8（6栋高层住宅+2栋办公）,3房约89㎡为主，住宅建面86.4-124.6㎡,部分,含配建保障性住房（1.9万㎡），非回迁房,确认,备案名「佳兆业云峰汇花园」。开发建设用地约2.9万㎡（OSM 33139㎡），计容13.9万㎡＝商品房6.4万+保障房1.9万+商业办公酒店4.7万，故判为混合而非纯住宅小区。
3,星河天地四期·SPARK星寓,光明区,光明街道,光明大街,6,195.0,30269,混合,未知（星寓为现房；星河天地一~三期2018/2019/2021年入市，一期已交付）,874（SPARK星寓商务公寓）；同名「星河天地四期」另有937套住宅备案,1栋45层（星寓）；星河天地公馆地块共5栋,商务公寓41-70㎡ 1-2房（主力41㎡单房约760套）；四期住宅90-130㎡ 3-4房,否,无,确认,OSM 名把两个不同产品拼在一起：SPARK星寓＝商务公寓（备案名「星河天地公馆」，物业类型商务公寓，9梯23户，874套）；「星河天地四期」＝1/2/3栋937套90-130㎡住宅。星河天地整盘分六期、约80万㎡综合体、未来超7000户。OSM面30269㎡≈公馆地块建设用地2.5万㎡。若只看公寓部分应归「商务公寓」。
4,绿地新都会,光明区,光明街道,光明大街,6,154.1,21089,混合,2016（一期）,口径分歧：692户（本地宝/百科）；深圳房地产信息网备案363套（4栋A、B座362套住宅）,未知（分三期开发）,3-4房 87-141㎡,部分,无,单一来源,备案名「绿地新都会公馆」。整盘总占地约4万㎡、总建面约32万㎡、分三期：一二期住宅，三期以集中商业+高端办公为主，故整体为混合业态。OSM面21089㎡只覆盖部分地块。户数两个口径差一倍，未能核实。
5,龙光玖龙台,光明区,光明街道,凤凰城,13/6,0.0,154762,混合,2017-2021,1783（乐有家「规划户数」，疑仅住宅部分）,10,住宅3房89-105㎡、4房112㎡、5房138㎡；三期公寓42-98㎡（层高4.5米）,部分,无,确认,占地约15万㎡（OSM 154762㎡ 吻合）、总建面约75万㎡的TOD综合体，房屋用途含普通住宅/商业/底商/商业办公类/公寓，三期为商办。一期3栋、二期4栋、三期3栋。容积率口径分歧（都市圈2.32 / 乐有家5.13）。
6,特区建发乐府广场,光明区,光明街道,凤凰城,13/6,13.5,46646,商务公寓,2021（2021年12月毛坯现房）,1414（全部为商务公寓）,6（2栋公寓+2栋办公楼+2块商业群楼）,1-3房 36-97㎡（37㎡单间不通燃气）,否,无,确认,非住宅：住建局备案1414套全部为商务公寓（二期2栋AB座），项目定位为「产业综合体」＝办公研发+商务公寓+5万㎡万达商业。占地约55332㎡、总建面约38.5万㎡（OSM面46646㎡只覆盖部分）。此条应从「住宅性用地」清单中剔除。
7,光明大第,光明区,光明街道,德雅路,13,143.4,66805,住宅小区,2006（分期至2015）,1080,23（9栋高层+80套别墅，口径不一）,3-5房 79-175㎡；另有250-280㎡别墅,部分,无,确认,备案名「金城大第花园」（二期为「觀山88號院」）。链家与深圳都市圈均给23栋；1160车位、容积率低，属光明少见的低密+别墅组合，四房/五房及别墅占相当比例。
8,安居萃云阁,光明区,光明街道,德雅路,13,42.6,10101,安居房人才房,2023（2023年9月完成竣工备案）,324,2（均30层）,2房1厅1卫 / 2房2厅1卫 / 3房2厅1卫,否,整体为保障性租赁住房（保租房），非回迁房,确认,光明区住建局多次以「保障性租赁住房」名义配租。总建面54382.08㎡、404个车位（含128充电桩）。官方描述位置为「观光路与德雅路交会处，紧邻13号线同观路站」，与OSM标注的「德雅路站」口径不同，属同一片区不同站名表述。324套 vs 5.4万㎡总建面偏离较大（总建面含商业/车库），套数以竣备新闻为准。
9,富安花园,光明区,光明街道,虹桥公园,6B,150.4,42862,住宅小区,2004（单一来源，且与25栋/容积率1.3的形态存疑）,未知,25,未知,未知,未知（乐有家把产权性质标为「自建房（集资房）」，疑含原村民/单位集资房）,单一来源,光明街道光明社区华夏路36号（光明医院东北）。深圳都市圈：25栋、400车位、容积率1.3、绿化20%、交易权属商品房；乐有家页面已下架且大部分字段「暂无数据」，仅标产权性质为自建房（集资房）——两者口径冲突，户数/户型均查不到。属老旧多层小区，非商务公寓。
10,电建洺悦鹏著,光明区,光明街道,虹桥公园,6B,0.0,19658,住宅小区,未知（2023-2024年推售，交付年份未核实）,979（含只租不售人才住房；可售614套）,4栋高层住宅（+1栋3层幼儿园+沿街商业）,2-3房 88-108㎡,否,含只租不售人才住房2.9万㎡（配建），非回迁房,确认,备案名「电建洺悦鹏著花园」。占地约2.19万㎡（OSM 19658㎡ 吻合）、总建面约12.63万㎡，住宅建面8.6万㎡中2.9万㎡为只租不售人才住房。另一来源给「612户」，与「可售614套」基本一致，979为含人才房的总房源。
11,长春花园,光明区,公明街道,上村,13,47.4,64463,住宅小区,1992（单一来源）,1290（单一来源）,30（另有31栋口径）,未知（在售/在租见1-2房小面积为主）,否,无（自身是旧改拆迁对象：深圳房地产信息网已收录「长春花园旧改」城市更新项目）,单一来源,公明街道公明社区长春中路98号，距6号线公明广场站约730米（OSM把它挂在公明广场/上村站附近）。90年代板楼老小区：容积率3、仅146个车位、2024年做过老旧小区环境整治。已列入城市更新，未来会产生回迁房但目前不是回迁房。1992年/1290户仅见于单一二手数据源，未能交叉核实。
12,富豪花园,光明区,公明街道,公明广场,13/6,33.5,39486,住宅小区,1995（房天下，单一来源）,592（房天下，单一来源）,未知,未知（在租房源见1室30㎡、2室68㎡）,否,未知,单一来源,疑似同名混淆风险高：深圳至少还有龙岗坂田「富豪花园」（约533户/34栋/1993年）和香港沙田富豪花园；百度百科「富豪花园」条目（452户、1998年6月竣工、容积率6.31、总建面12.4万㎡）与本条不符，未采用。本条采用房天下「富豪花园(光明)」页数据：金辉路、592户、1995年建成，与OSM位置（公明广场站旁、2个面共39486㎡）一致。
13,特发学府朗园,光明区,公明街道,李松蓢,13,194.1,30078,住宅小区,2025（计划2025年12月带简装交房）,792（商品房）+132（公租房）,4栋住宅塔楼（3栋48层商品住宅+1栋25层保障房）+1所幼儿园,3房88-97㎡、4房114㎡、5房143㎡,部分,含配建保障房（1栋25层，公租房132套），非回迁房,确认,备案名「学府朗园」，位于公明街道李松蓢炮台路与志康路交汇处西南侧。占地约2.1万㎡、总建面约15.1万㎡、1080车位；OSM面30078㎡大于官方占地，可能含周边道路/配套。2023年11月18日开盘推790套。
14,伟城贤德瑞府,光明区,公明街道,李松蓢,13,33.1,9378,混合,未知（2026年初仍在配售/在售，交付年份未核实）,893（商品住宅157套+安居型商品房736套）,4（1栋A座商品房；1栋B/C座+2栋为安居房）,商品房3-4房 90-113㎡（三梯四户）；安居房2房约70㎡（319套）、3房约90㎡（118套）,部分,含安居型商品房736套（占82%），属保障房而非回迁房,确认,住建局备案：预售总面积72001.03㎡，商品住宅16051.52㎡/157套，安居型商品房55949.51㎡/736套。以套数计安居房占82%，若按主体属性也可归「安居房人才房」。占地约1.4万㎡、建面8.4万㎡、容积率6.38，OSM面9378㎡明显偏小（疑只圈了塔楼部分）。
15,宏发雍景城,光明区,公明街道,红花山,6,8.3,85353,住宅小区,2004（分期2003-2012）,972,25（另有30栋口径；含10栋多层+10栋小高层+3栋Townhouse/叠拼）,2-4房 61-131㎡为主，最大至192㎡（含别墅/Townhouse）,部分,无,确认,公明红花山公园旁（华发路/红花山路/别墅路围合）。容积率仅1.4、宗地95570㎡、建面13.38万㎡，是公明少见的低密大盘；OSM面85353㎡略小于宗地。车位口径809（乐有家）/1210（都市圈）不一致。
16,宏发·美域,光明区,公明街道,红花山,6,6.0,42223,住宅小区,2007（分期至2015）,623,10,未知,未知,无,确认,公明中心区华发路与别墅路交汇处东南面（宏发雍景城斜对面），开发商深圳市宏发房地产。链家「10栋/623户/2007年建成」与深圳都市圈「10栋/2007-2015年/665车位/商品房」互相印证；户型面积段未查到。
17,明景园,光明区,公明街道,红花山,6,157.9,5820,不确定,未知,未知,未知,未知,未知,未知,推测,查无资料：深圳都市圈光明区53个小区库、深圳房地产信息网光明区178个楼盘库中均无此名；房产平台也检索不到。OSM面仅5820㎡（红花山站旁，公明街道），规模只够1-3栋楼，疑为小型住宅组团、单位宿舍或俗称/旧名（也可能与「明景苑」「明安花园」等混淆）。需实地或产权登记核实，本条不做任何数值推断。
18,中海时光境,光明区,凤凰街道,光明城,13/6B,109.3,27985,住宅小区,未知（2023年9月首次预售，交付年份未核实）,1739（可售商品房约1537 + 安居型商品房202）,4（约49-50层、150米超高层）,3房82-89㎡、4房108㎡（82-108㎡）,部分,含配建安居型商品房202套，非回迁房,确认,备案名「时光境花园」，宗地A503-0100，2022年10月中海31.92亿竞得。宗地28564.79㎡、建设用地27057.35㎡（OSM 27985㎡ 高度吻合）、总建面约23万㎡、1718车位、物业费4.5元/㎡。位于凤凰街道侨凯路与科林路交汇处，邻13号线同观路站/光明城高铁站（OSM标光明城站）。
19,金融街华发·融御华府,光明区,凤凰街道,凤凰城,13/6,105.5,23364,住宅小区,未知（备案售罄，交付年份未核实）,784,3（1栋ABC座、2栋、3栋AB座）,3-4房 92-129㎡（共4种户型，单层四户）,部分,含建成后移交政府的人才房约1.4万㎡，非回迁房,确认,备案名「金融街华发融御花园」。占地约2.4万㎡（OSM 23364㎡ 吻合）、计容10.8万㎡＝可售住宅8.4万㎡+移交政府人才房1.4万㎡，容积率4.5，另配社区商业、9班幼儿园、社康、菜市场。两批备案共849套（含商铺65套），住宅784套。
20,华润润晖府,光明区,凤凰街道,德雅路,13,145.6,17406,住宅小区,2024（房天下二手房页标竣工2024-12，单一来源）,未知,5（4栋32-34层住宅+1栋公寓）,3-4房 89-110㎡,部分,未见配建回迁房记录,确认,备案名「润晖府」，凤凰街道光侨路与侨凯路交汇处。规定占地17195.58㎡（OSM 17406㎡ 高度吻合）、容积率4.6、住宅103710㎡+商业2500㎡+18班幼儿园6100㎡。含1栋公寓，故非纯住宅。华润「润系」双子之一（另一为玉塘街道润曦府），注意不要与润曦府/润曜府混淆。总户数未查到。
21,润宏城·润雅园,光明区,凤凰街道,月亮路,13,126.7,19280,住宅小区,未知（2024-2025年分批预售，在建）,1091,3（1栋、2栋A/B/C座、3栋）,3房5款、4房3款，建面81-134㎡,部分,未知（润宏城位于凤凰街道塘尾社区，为华润置地+宏发大型综合开发，是否含回迁安置房未核实；润雅园本身为商品住宅）,确认,备案名「润雅园」，是润宏城一期首推地块，位于凤凰街道月亮路与塘荣路交叉口西北侧（OSM月亮路站 吻合，面19280㎡）。两批预售：1、3栋456套（2024年12月）、2栋ABC座644套。深圳房地产信息网物业类型标「商品住宅」（无公寓/写字楼）。
22,凤凰英荟城,光明区,凤凰街道,长圳,6,5.1,204830,安居房人才房,2022（市住房保障署2021年通告：预计2022年6月交付使用）,9672,未知,未知（保租房，含单房/两房/三房）,否,整体为公共租赁住房/保障性租赁住房（市级公租房+光明区保租房），非回迁房,确认,凤凰街道科裕路与光侨路交汇处东北侧，6号线长圳站旁。占地15.8万㎡、总建面约114.7万㎡（一说116万）、容积率5.72、商业约6.5万㎡；总房源9672套，其中公租房口径在6668→7056套之间变动过。OSM面204830㎡明显大于官方占地15.8万㎡，可能把周边配套/道路一起圈了。此条不是商品住宅小区，无学位/产权买卖属性。
23,深铁瑞城,光明区,凤凰街道,长圳,6,0.0,199939,住宅小区,未知（分三期；三期2026年在售，整体交付年份未核实）,4770,未知（三期为6栋46-51层，含1栋51层公租房+1栋51层保障房）,3房94-100㎡为主，部分至130㎡,部分,含配建公租房/安居房（保障房），非回迁房,确认,深圳地铁置业开发的6号线长圳站地铁上盖TOD：南邻光桥路、东靠科裕路、西接东长大道。深圳房地产信息网物业类型明确列「安居房、其他、商品住宅、商业」；总房源4770、车位3202（乐有家「规划户数4770」一致）。一期容积率2.97、1330套住宅+约6万㎡集中商业。OSM面199939㎡。
24,深圳地铁长圳车辆段上盖物业,光明区,凤凰街道,长圳,6,45.2,149193,住宅小区,未知,未知,未知,未知,未知,未知（若与深铁瑞城同项目，则含配建公租房/安居房）,推测,"疑为重复面/上位名称：本条中心点(22.731441,113.923382)与 id23「深铁瑞城」(22.731055,113.923760)相距仅约50米，同为6号线长圳站地铁上盖、同属深圳地铁置业开发范围，OSM面149193㎡与深铁瑞城199939㎡大面积重叠。检索不到以「长圳车辆段上盖物业」独立命名的楼盘资料。建议与 id23 合并去重，不要重复计入户数。注意：邻近的 id22 凤凰英荟城（东侧约500米）是另一个独立的公租房项目，不要混为一谈。"
25,安居澜庭,光明区,新湖街道,中大,6B,142.5,69306,安居房人才房,未知,未知,未知,未知,未知,未知（若成立则整体为保障房，非回迁房）,推测,本次检索渠道（深圳房地产信息网光明区178个楼盘库、深圳都市圈光明小区库、乐有家、深安居官网入口）均未命中「安居澜庭」，且通用搜索通道在本次会话被限流，无法交叉核实。判为「安居房人才房」的唯一依据是命名惯例：深圳市安居集团/人才安居集团项目普遍以「安居XX」冠名（如安居萃云阁、安居鸣鹿苑、安居凤桐苑）。位置：新湖街道、6号线支线中大站附近，OSM面69306㎡（体量不小，符合保障房大盘）。所有数值字段一律留「未知」，请二次核实。
26,玺云著花园,光明区,新湖街道,科学公园,6,118.7,21233,住宅小区,未知（2020年8月线上选房、10月售罄，交付年份未核实）,1116,7（分两期开发）,3-4房 85-117㎡（备案988套，86-117㎡）,部分,未见配建回迁房记录,确认,新湖街道楼村社区硕泰路西侧、6号线科学公园站旁（OSM面21233㎡）。深圳房地产信息网物业类型仅「商品住宅」，751车位，开发商深圳洺悦房地产（电建系）。地块另需代建学府公园及一栋不低于200米的光明地标。
27,华侨城·九樾广场,光明区,新湖街道,科学公园,6,124.2,6866,混合,未知,448（住宅部分为「菁英人才房」）,未知,66-88㎡（人才房）,否,住宅部分整体为人才房（保障房），非回迁房,单一来源,约26万㎡的光明中心TOD地标综合体（写字楼+大型商业+人才房），6号线科学公园站北侧。深圳房地产信息网：总房源448、车位358、物业类型字段为空、标签含「品质写字楼/综合体/自带大型商业」，动态明确写「建面约66-88㎡菁英人才房即将入市」。OSM面仅6866㎡，只是塔楼落地面，不代表整个综合体。不是普通商品住宅小区。
28,安居·鸣鹿苑北区,光明区,玉塘街道,长圳,6,86.4,41786,安居房人才房,未知（2019年5月开工；南区2025年11月入伙，北区交付时间未核实）,未知（全项目6426套；南区已配租2912套，北区约3500套属推算未核实）,14（全项目主体，装配式塔楼）,未知,否,整体为人才住房/保障性租赁住房，非回迁房,确认,深圳市人才安居集团项目，住建部首批政策性租赁住房试点。北地块37348.11㎡（OSM 41786㎡ 吻合）、南地块35875.24㎡，全项目占地约7.3万㎡；位于玉塘街道光侨路以南、科裕路以西，紧邻6号线长圳站。北区地址：玉塘街道长松路166号。南北区套数拆分未在官方页面披露，故 units_total 留未知。
29,天汇时代花园·二期,光明区,马田街道,公明广场,13/6,122.2,33775,住宅小区,未知（一期口径为2010-2020年；二期具体交付年份未核实）,1570,未知,未知,未知,未知（同盘一期交易权属含「安居型商品房」，二期是否配建未核实）,单一来源,深圳房地产信息网条目名「天汇城二期」/备案名「天汇时代花园二期」：物业类型商品住宅+商业，总房源1570、车位1831、已售罄，位于松白路·6号线公明广场站旁（OSM面33775㎡，马田街道）。分期口径极易混淆：另有「天汇时代花园一期」（15栋、4873车位、商品房/安居型商品房）、「天汇城三期＝宏发天汇城」、「天汇城＝宏发天汇城二期」，引用时务必核对备案名。
30,秋园雅苑,光明区,马田街道,将围,13,56.9,11634,住宅小区,2009-2010,未知,4,未知,未知,未知（交易权属为「商品房/集资房」，疑含单位或原村民集资房部分）,单一来源,马田街道大围路20号（OSM面11634㎡、将围站旁 吻合4栋塔楼规模）。深圳都市圈：4栋塔楼、600车位、容积率2.5、绿化率23%、开发商深圳市龙岗南龙实业、定性「普通住宅小区」。户数与户型面积段查不到。「商品房/集资房」的混合权属是判断是否含保障/集资性质房源的关键线索，需产权核实。
31,端慧苑,光明区,马田街道,将围,13,162.0,8517,不确定,未知,未知,未知,未知,未知,未知,推测,查无资料：深圳房地产信息网光明区178楼盘库、深圳都市圈光明53小区库均无此名，通用搜索通道本次被限流。OSM面8517㎡（马田街道、将围站旁），规模约2-4栋。名称形态（「XX苑」）在深圳既常见于安居房/人才房，也常见于单位房与小型商品房，无法据此定性，故 type 记「不确定」，不做任何数值推断。需实地或产权登记核实。
32,益田假日府邸,光明区,马田街道,新庄,13,8.5,10927,混合,2017,569,5,住宅3房79-89㎡；商务公寓45/62/77㎡,否,无,确认,公明将石社区松白公路与公常公路交汇处（OSM面10927㎡，标马田街道新庄站）。深圳都市圈：2017年建成、5栋、432车位、容积率4、房屋用途含普通住宅+底商+商业办公类+公寓+商务公寓；深圳房地产信息网：总房源569、类型「商品住宅、其他」，在售房源同时有45/62/77㎡公寓（约3.4-3.7万/㎡）和79-89㎡三房住宅（4.1-4.2万/㎡）——住宅与商务公寓同盘，故判混合。
33,薯田埔花园,光明区,马田街道,薯田埔,6,12.3,53284,不确定,未知,未知,未知,未知,未知,未知（同片区存在「佳兆业薯田埔旧村旧改」城市更新项目，本项与其关系未核实）,推测,查无「薯田埔花园」小区资料：深圳房地产信息网光明区楼盘库、深圳都市圈光明小区库均无收录（该库同片区只有「佳兆业薯田埔旧村旧改」和「龙湖·御湖境」）。OSM面53284㎡不小（马田街道、6号线薯田埔站旁12米），但缺乏商品房销售/备案记录，疑为薯田埔社区的原村民统建楼/回迁安置类住宅群或俗称片区名，而非有开发商备案的商品房小区。所有数值字段留未知，需产权登记或实地核实。
34,金地明峰府,光明区,马田街道,薯田埔,6,103.1,30177,混合,2024-2025（未证实；2021-10-29出让、2022-07首次预售）,约1580（一说892套，为分批批售口径）,6（4栋商品住宅+1栋长租公寓+1栋安居房+幼儿园；政府批售文件只列3栋）,3房2厅 81-93㎡；4房2厅 116㎡,部分,无回迁房，但按出让条件配建安居型商品房不少于14030㎡,确认,光明区马田街道薯田埔，松白路与田园路交汇处东西两侧（OSM为2个地块）。70年产权普通住宅，开发商深圳市安达房地产开发有限公司、金地物业。户数/栋数三源口径不一：政府批售文件3栋892套（住宅800套）、咚咚新房约1580户6栋、Q房网992户2栋——因分期批售所致，已如实并列。OSM实测已建成3栋32-34层塔楼。
35,福庄花园,光明区,马田街道,薯田埔,6,4.6,18919,不确定,未知,未知,未知,未知,未知,未知,推测,"仅查到Q房网条目""福庄花园 [光明区 公明] 松白路5131号""，建成年代/户数/栋数/车位全为空且0套挂牌；乐有家页面0套在售；深圳都市圈光明区53个小区名录中无此条。OSM该地块（薯田埔站出口4.6m、1.9万㎡）内无任何已测绘楼栋，而四周（明皓府、瑞璟公馆、安居瑾华庭、龙湖·御湖境）均为新盘。综合判断很可能是城中村/村统建楼一类非商品房片区，但无任何来源直接证实，故写""不确定""。切勿据此当作可买的商品房小区。"
36,瑞璟公馆,光明区,马田街道,薯田埔,6,84.4,9023,安居房人才房,2026（预计2026-10-31前交付）,544,2栋（1栋分一/二单元，OSM实测3个塔身，34-41层）,2房约69㎡（233套）、3房约89㎡（149套）,否,整体为安居型商品房（政府配售，非回迁房）,确认,"光明区马田街道科达路与科先路交汇处西南侧，南侧松白路，距6号线薯田埔站约200m。2025-03开始配售，配售均价22251.81元/㎡，装配式建筑。名为""公馆""但性质是安居型商品房（有转让年限与增值收益上缴限制），不是商务公寓。233+149=382套与544套总量不符，说明还有其他户型/批次未在公开报道中列出。"
37,南头古城,南山区,南头街道,中山公园,12,130.7,141695,城中村改造,村民自建房多为1980s-2000s（古城本体始建1394年，明清新安县城）,未知,未知（成片握手楼）,未知（自建农民房，多为单间/一房出租单元）,否,综合整治型改造（未拆除重建）：原村民自有房以长租方式统租，租金较改造前上浮30%-50%，并给予原住民优先回迁与经营合作权；无商品性质回迁房,确认,"OSM该面标 landuse=residential + historic=yes + place=quarter + loc_name=九街/九街村 + 广东省文物保护单位（别名新安故城）。2016年起启动更新，走""微改造/有机更新""路线，2020-08-26南北街示范段开街。本质是历史文化街区+城中村，不是可按小区口径统计的商品住宅，OSM把它计入""住宅性用地""属于口径混入。"
38,义学街,南山区,南头街道,中山公园,12,110.0,39273,城中村改造,1992,未知,未知,未知,否,无（原村民自建房，尚未拆除重建）,单一来源,"Q房网该条目名称直接叫""义学街农民房""，地址""义学街3坊1号楼""，[南山 南头]，1992年建成、无电梯、无物业公司、不封闭管理、绿化率15%——典型未改造城中村农民房。OSM该面只有 landuse=residential + name=义学街，无其他属性。位于南头古城东门外侧，属12号线中山公园站范围。非商品住宅小区，OSM口径混入。"
39,莲城花园,南山区,南头街道,中山公园,12,155.3,31645,住宅小区,1997-1998,579,11,3房2厅 约98㎡,否,无,确认,"南头街道马家龙社区玉泉路55号（别名莲盛苑）。板楼、无电梯、39个单元、容积率2.65、300车位、物业费仅1元/㎡，房屋用途""普通住宅/商铺""，开发商深圳市大新城实业发展有限公司。深圳都市圈与Q房网在年代/栋数/容积率上完全一致。"
40,马家龙方卉园小区,南山区,南头街道,中山公园,12,194.6,18599,住宅小区,1995-2000,437,"13（Q房网）／2-3（深圳都市圈记2栋，Q房网简介称""只有3栋商品房""）",2房2厅 约70㎡为主，另有1房 40.5㎡,否,无,确认,"别名 方卉园／豪方卉园，艺园路83号（马家龙社区），一梯二户、无电梯、容积率3.4、157车位。深圳都市圈与Q房网地址一致但栋数口径不一（2 vs 13）。注意避免张冠李戴：网上流传的""36栋、929户、1989年、深圳英诺讯开发""是同片区的""马家龙小区""，不是方卉园；Q房网记开发商为深圳市新豪方集团。深圳都市圈房屋用途标""普通住宅/公寓""。"
41,建安大院,南山区,南头街道,中山公园,12,9.0,15981,宿舍单位房,未知,未知,未知,未知,未知,未知,推测,"OSM标注 addr:street=南山大道、addr:neighbourhood=马家龙社区、addr:subdistrict=南头街道、residential=apartments，占地约1.6万㎡，距12号线中山公园站出口仅9m。贝壳/链家、Q房网（全市小区库）、深圳都市圈（南山区935个小区名录）三处均查无""建安大院""，即完全没有二手房流通记录；结合""大院""这一深圳单位宿舍的典型命名，推测为单位/系统内宿舍大院（很可能与建安系统企业有关），但没有任何来源直接证实，故 confidence 记""推测""。周边49m处深圳都市圈另有""物资小区住宅楼""（1984-2001年、经济适用房），侧面说明该地块一带以单位房为主。"
42,臻林·悦湾汇,南山区,南头街道,中山公园,12,0.0,13440,商务公寓,"2024（营销口径""2024年底交房""）",约300,2（建筑高度140米）,约42-146㎡ 1-3房，层高3.4-3.6米,部分,项目由汉唐街城市更新（旧改）而来；是否含回迁安置房未查到,单一来源,"南头街道、12号线中山公园站上盖，OSM英文名 Bay Park Center。判为商务公寓的依据：多篇报道一致写""高端公寓+办公+酒店+商业的城市综合体""、""不限购""、层高3.4-3.6m、部分做""温德姆总裁公馆""酒店式出租——这几项在深圳基本是40年产权商务公寓的特征组合；但没有找到明确写""40年产权""的权威来源，故 confidence 只记单一来源（且全部为开发商/自媒体营销稿，非独立来源）。另注意区分：同片区""臻林天汇/合景同创·臻林""是113-222㎡住宅大宅产品，与悦湾汇不是一回事。开发商一说深圳市鑫得盛房地产有限公司。"
43,中山苑,南山区,南头街道,中山公园,12,4.1,13039,混合,2003（深圳都市圈记1993年，两源冲突）,324（仅百度百科，未二次证实）,8,50-150㎡，2房至5房（塔楼钢混）,部分,无,单一来源,"南头街道南头城社区，南山大道3128号，开发商上海中山市场发展有限公司。深圳都市圈交易权属标""商品房/军产""，且两个平台都显示""暂无价格数据/无二手房""——说明含军产成分、流通性差。建成年代冲突未能消解：Q房网与百度百科作2003年（竣工2003-02），深圳都市圈作1993年。"
44,中山颐景花园一期,南山区,南头街道,中山公园,12,157.9,9030,住宅小区,2001,364,9（深圳都市圈）／2（Q房网）,户型跨度极大：1房43㎡到5-6房206-210㎡，共72个户型,部分,无,确认,"南山大道3866号（马家龙社区），开发商深圳市南头投资发展有限公司（南头城股份公司系），部分电梯房、房屋用途""普通住宅/商业""。栋数两源冲突（9 vs 2），Q房网记单元总数9，疑为""栋/单元""口径互换。"
45,中山颐景花园二期,南山区,南头街道,中山公园,12,73.1,5818,住宅小区,2004,96,1-2（Q房网记1栋2单元，深圳都市圈记2栋）,2房2厅 72-83㎡,否,无,确认,南山大道3866号，开发商深圳市南头城实业股份有限公司（原村股份公司）／温州育英房地产，无电梯、容积率1.83、90车位。规模很小（OSM占地5818㎡）。
46,悠然天地,南山区,南头街道,南头古城,12,169.6,27313,住宅小区,2004-2005,524（另一口径515）,9,5房2厅 140.5／176／238㎡等大平层为主,是,无,确认,"全名""悠然天地家园""，南头街道红花园社区南光路149号（深南大道与南山大道交汇）。9栋12-18层小高层，其中6栋为两梯两户南北向板楼，绿化率61%、640车位、物业费2.8元/㎡。按户数与占地反算户均建面约128㎡，与""140-238㎡五房""的公开户型一致，判定大户型为主。"
47,荔林春晓,南山区,南头街道,南头古城,12,53.6,17793,住宅小区,2003,544,6,2房2厅 83-87㎡为主（顶层另有171㎡ 5-6房复式）,否,无,确认,南山大道2118号（荔香公园西侧），6栋21层塔楼：1-2层商场、3层架空层花园、4-21层住宅，占地约2万㎡/总建面约8万㎡，598车位、人车分流。三源（深圳都市圈、Q房网、咚咚新房）在544户/6栋/2003年上完全一致。
48,阳光荔景,南山区,南头街道,南头古城,12,69.2,15321,住宅小区,2001（深圳都市圈记2001-2009）,367（Q房网）／392（吉屋网）,14（深圳都市圈与Q房网一致）／4（吉屋网）,含5房141-152㎡，也有中小户型；按户数与容积率反算户均建面约108㎡,部分,无,确认,"全名""阳光荔景家园""，南头街36号（红花园社区），开发商深圳市源政房地产开发有限公司，容积率2.6、218-268车位、房屋用途""普通住宅/商业""。户数与栋数两套口径并列（吉屋网的4栋392户疑为某一期）。"
49,英达钰龙园,南山区,南头街道,南头古城,12,172.5,10294,混合,2004年入伙（两平台建成年代记2002-2016，因含后期商业/加建）,1315,4（A/B/C/D，30-32层；深圳都市圈记5栋）,40-108㎡ 1-3房,否,无,确认,"南新路3058号（深南大道与南新路交汇），别名""前海金街""。总建面约12.15万㎡、容积率7.9、510车位；A栋3梯9户、B栋3梯8户、C栋4梯20户、D栋4梯12户——高密度小户型。深圳都市圈房屋用途写""普通住宅/商业/底商/公寓""，Q房网写""商铺/住宅""，故判为混合（住宅为主+商业裙楼+部分公寓），主体仍是70年产权住宅。"
50,荔香源,南山区,南头街道,南头古城,12,166.9,5679,住宅小区,未知,未知,未知,未知,未知,未知,单一来源,"OSM与Q房网地址一致：荔园路4号（南山区），距12号线南头古城站约225m。Q房网只有物业费2-2.5元/㎡、95车位、容积率3.5、绿化率35%、部分电梯房、彩生活物业、管理处在""荔苑阁""楼下——建成年代、总户数、栋数、户型全部无数据；深圳都市圈南山935个小区名录中亦无此条。OSM占地仅5679㎡，规模极小，推测为1990s末-2000s初的小体量住宅（可能含商住），但户型与户数无法证实。"
51,前海华庭,南山区,南头街道,南头古城,12,69.2,5645,住宅小区,2000-2001,196（另一口径约200）,5,3房2厅 约102.8㎡（含复式）,否,无,确认,南头街38号（红花园社区），开发商深圳市前海股份有限公司（前海社区股份公司），前海物业管理，容积率4.24、190车位、部分电梯房，带南山实验总校学位。深圳都市圈与Q房网在栋数/年代/车位上一致。
52,馨荔苑,南山区,南头街道,南头古城,12,84.1,3027,住宅小区,2000,36,1,4房2厅 约179.9㎡、4房1厅 179.9㎡、5房2厅 187.8㎡（全盘仅6个户型）,是,无,确认,"别名""馨秀小区""，南头街17号（大汪山社区），单体1栋、仅36户、无电梯、容积率0.98、28车位，开发商深圳展地建设开发有限公司。典型大平层小体量楼盘，带南山实验总校学位。OSM占地3027㎡，属src=地块但实为单体楼。"
53,秀林新居,南山区,南头街道,南头古城,12,135.4,1964,住宅小区,2001,52,1,168-177㎡ 4-5房（2梯4户），另有123㎡3房；全盘仅4个户型,是,无,确认,南头街7号（大汪山社区，南山大道与梅园路交接），单体1栋52户、容积率5.6、90车位、有电梯，开发商深圳展地建设开发有限公司（与馨荔苑同一开发商）。OSM占地仅1964㎡——确为单体楼。
54,豪方天际花园,南山区,南头街道,同乐南,12,145.2,35104,住宅小区,2017（一期；深圳都市圈记2005-2018）,2005（另有1928／2009／1716等口径）,6（一期6栋超高层住宅；二期另有1栋写字楼+商业）,3-4房 74-88㎡为主（4房85.55／87.77㎡），全盘73-155㎡ 3-5房,部分,未知,确认,"南头街道南联社区，北环大道与南山大道交汇西北侧，开发商深圳市新豪方，总占地约4.55万㎡、总建面约36.82万㎡、容积率5.81、2082车位、人车分流，房屋用途纯""住宅""。楼下即园丁学校（小学部110m/初中部97m）。注意：主力""四房""仅85-88㎡，属紧凑四房而非120㎡+改善大户，故large_unit记""部分""。总户数各源在1716-2109间波动，取Q房网2005户。是否含旧改回迁未查到。"
55,南山意境,南山区,南头街道,同乐南,12,129.1,29677,宿舍单位房,2003（Q房网简介另称2012年竣工，存冲突）,未知,7,65-185㎡ 3-4房,部分,无,单一来源,"南头街道南联社区，南头检查站旁／荔山工作口二线路6号，开发商深圳市万年青投资发展有限公司，容积率1.8-4、750车位、绿化率35%。深圳都市圈交易权属标""商品房/军产""且""暂无价格数据""（无二手房流通）——属军产房，非普通商品住宅，故归类为宿舍单位房。建成年代冲突未消解（2003 vs 2012）。总户数无来源。"
56,华府国际,南山区,南头街道,同乐南,12,183.8,20607,宿舍单位房,2011,1200,4,46-147㎡ 1房/2房/3房/4房,部分,无,确认,"南头街道南联社区关口1路8号（南头检查站旁），开发商深圳市安远控股集团。三源一致指出为""70年军产房""：深圳都市圈交易权属""商品房/军产""，参考均价仅约4.1万/㎡，而同片区商品住宅约9-10万/㎡——价差即军产房无红本、过户受限的体现。名为""国际""但是住宅性质，只是产权特殊，故归宿舍单位房而非商务公寓。700-900车位。"
57,鸿荣源·尚璟公馆,南山区,南头街道,同乐南,12,16.1,7240,混合,2024（乐有家一说2023年建成；预售2024年推售441套）,679（商品房约430-447套 + 人才房55套 + 回迁房177套）,2栋超高层住宅（1栋52F、2栋51F，均4梯7户）+底商,建面约59-82㎡ 1-3房（59㎡单/双面采光、78㎡、82㎡）,否,有回迁房（约177套）,确认,"南头街道前进路，12号线同乐南站出口16m。总占地约7200㎡、总建面约6.8万㎡、容积率6.86、约300车位，开发商深圳市嘉德业置地（鸿荣源集团），OSM operator亦标鸿荣源。名为""公馆""但是70年产权住宅（城市更新项目），不是商务公寓。可售住宅口径两说（430 vs 447），与人才房55+回迁177相加均接近679总数。"
58,前海花园,南山区,南头街道,大新,1,12.3,138317,住宅小区,1997-2004（一期1997-2004入伙，二期1999）,约1583（一期927 + 二期656）；百度百科另称一期2825户，口径不一,35（一、二期合计，深圳都市圈亦记35栋）,2房2厅 74.96㎡、3房2厅 89.8-93.3㎡为主，另有5-6房 155-158㎡,部分,无（政府/企业福利小区性质，非旧改回迁房）,确认,"南头街道前海社区桃园路266号，1号线大新站出口12m，开发商深圳市前海股份有限公司。深圳都市圈交易权属写""商品房/经济适用房""、Q房网简介明确写""福利小区""；一期分电梯房与楼梯房，二期占地12.9万㎡/总建面27.9万㎡/13栋、含小学与幼儿园各一所。OSM该地块13.8万㎡与二期占地接近，实际覆盖一期+二期。注意：前海花园三期（前海路288号、1311户、2004年、15栋）是独立小区，位置更东，不在本条范围内。"
59,绿海名都,南山区,南头街道,大新,1,158.3,31256,住宅小区,2003-2005（2004年6-7月竣工入伙）,1078（咚咚新房记1148，另有1598/1070等口径）,5（Q房网，13个单元）／11（深圳都市圈）,2房77.24㎡、3房105.63㎡、4房112.94㎡（全盘40-113㎡ 一至四房）,部分,无,确认,"南头街道前海社区学府路262号，1号线大新站附近，开发商深圳市名居房地产。占地约3.4万㎡、总建面约12万㎡、容积率3、绿化率60%、688车位、人车分流、自带游泳池与幼儿园。房屋用途""普通住宅/商业/底商""。栋数与户数各源口径差异较大，已并列。"
60,港湾丽都,南山区,南头街道,大新,1,6.6,20740,住宅小区,2003-2004,512,9,2房84.13㎡、3房106/112/115/119㎡、4房133-168.93㎡，另有顶层复式,部分,无,确认,"全名""港湾丽都花园""，南头街道前海社区前海路3005号（前海路与桃源路交汇），距1号线大新站约50m。容积率3.9、525车位、房屋用途""普通住宅/商业/底商""，有健身房与游泳池。深圳都市圈与Q房网在9栋/2003-2004年/525车位上一致。"
61,新德家园,南山区,南头街道,大新,1,196.9,14914,住宅小区,2006-2007,952,4（Q房网，5个单元）／5（深圳都市圈）,1-2房 36-70㎡为主（设计定位小户型），少量3房80-97㎡,否,无,确认,"南头街道前海社区前海路3001号，距1号线大新站约200m，开发商深圳市厚德实业。容积率6.24、455-475车位、绿化率25.6%，自带三层购物中心（人人乐/影院）。明确定位""中小户型高层住宅+大型商业""，两房一房为主，不适合找大户型。"
62,桃李花园,南山区,南头街道,大新,1,108.4,14153,住宅小区,1997,未知,未知,未知（无电梯多层，推测中小户型）,未知,无,单一来源,OSM与Q房网地址一致：桃园路287号（南头街道），1号线大新站约273m。Q房网记1997年建成、无电梯、容积率2.54、250车位、物业费2.5元/㎡、开发商深圳市西部城建工程有限公司，但总户数/单元总数/户型全部为0或空、暂无均价；深圳都市圈南山935个小区名录中无此条。判断为1997年老式无电梯多层住宅小区，户数与户型无法证实。
63,御海新苑,南山区,南头街道,大新,1,68.7,12052,住宅小区,2002,197（一期）,2（深圳都市圈）／16个单元（Q房网）,2房64.27㎡、3房68.07㎡为主，另有4房131.33㎡,否,无,确认,"南头街道前海社区前海路3003号，开发商深圳市大新城实业发展有限公司（与莲城花园同一开发商），容积率2.1、190车位。注意同名分期：另有""御海新苑二期""（3栋、2002年、90车位）是独立条目，OSM本条（1.2万㎡）对应一期。"
64,金桃园大厦,南山区,南头街道,大新,1,110.3,10092,住宅小区,2004,192,2,2房82.35㎡、4房119.75㎡、5房119.74㎡,部分,无,确认,"南头街道田厦社区桃园路193号，开发商深圳市罗沙工程开发有限公司，容积率5、155-156车位。名字带""大厦""但深圳都市圈房屋用途明确为""普通住宅""、Q房网亦为住宅，且有大新小学等学区配套——属70年产权普通住宅，不是商务公寓。"
65,前海金岸,南山区,南头街道,大新,1,192.5,8349,住宅小区,2008（深圳都市圈记2006-2008）,700,2,"1房27.93／41.05㎡、2房70.6-70.9㎡为主，另有""5房""89.4㎡（隔断型）",否,未知,确认,"全名""前海金岸大厦""，南头街道田厦社区桃园路122（-5）号，距1号线大新站约300m。容积率8.1、绿化率18%、车位比仅1:0.42、部分电梯房、700户仅2栋——极高密度小户型盘。开发商深圳市前海股份有限公司（前海社区股份公司），房屋用途""普通住宅/商业""，虽记住宅但27-41㎡超小户型占比高、居住体验接近公寓，是否含村民/回迁物业未查到。"
66,田厦·翡翠明珠花园,南山区,南头街道,桃园,1/12,39.7,19534,混合,2010,1446,6（深圳都市圈）／2栋5单元（Q房网）,1房35.11㎡、2房60.02㎡、3房88.47㎡为主，另有5房148.68㎡；共164个户型,否,可能含回迁/使用权房（未证实）,确认,"南头街道大汪山社区常兴南路45号（1号线/12号线桃园站附近），开发商深圳市田厦房地产开发有限公司、田厦物业——即田厦社区股份公司系。判为混合的依据：Q房网物业用途""住宅/商铺/商住/写字楼""，深圳都市圈房屋用途""普通住宅/写字楼/商业/底商/商业办公类/公寓/商务公寓""、交易权属""商品房/使用权""。其中""使用权""+股份公司自建，指向部分为村民物业/回迁性质，但没有找到直接写明回迁房套数的来源，故 resettlement 标注为""可能，未证实""。容积率5、980车位、部分电梯房。买入前务必核实具体楼栋的产权性质（红本商品房 vs 商务公寓 vs 使用权房）。"
67,桃花园,南山区,南头街道,桃园,1/12,1.3,16269,住宅小区,1988,680,未知,2-3房 84-106㎡（84/88㎡两房，86/106㎡三房）,否,未知,单一来源,乐有家单一来源：南山-南头、前海路西侧、南头中学对面、桃园地铁站B出口，与OSM位置一致。注意同名混淆——罗湖笋岗另有一个「桃花园」（1988年建成、517-712户、特发特力物业），本条不是它。乐有家给的建筑面积105867㎡/容积率2.1与OSM地块16269㎡口径不一致，疑OSM多边形仅覆盖小区一部分；总栋数、是否含福利房均未查到。
68,桃苑小区,南山区,南头街道,桃园,1/12,193.7,12194,住宅小区,2003,1040,8,未知（按容积率6.86×OSM占地/户数估户均约80㎡）,否,未知,单一来源,聚汇数据：2003年、住宅、70年产权、1040户/8栋、容积率6.86、南山-南头、深圳南油房地产开发+南油物业、180个车位。同片区另有「桃苑公寓」（1993年、3栋、约800户、58-66㎡两房，乐有家），是不同小区，勿混。户型表未查到，large_unit 系按户均建面推断。
69,常丰花园,南山区,南头街道,桃园,1/12,108.7,8149,住宅小区,2000,118,2,未知,未知,未知,单一来源,聚汇数据：2000年、住宅、70年产权、118户/2栋、容积率2.90、南山-南头。乐有家页面独立确认地址「南山区南头 桃园路与常兴路交界」，与OSM位置吻合（张冠李戴风险已排除）。但118户/2栋与OSM地块8149㎡不匹配，疑OSM多边形把相邻楼栋一起圈进来了；户型未查到。
70,时代骄子,南山区,南头街道,桃园,1/12,192.6,7353,混合,2003,668（另有920/994口径）,2,单间/一房/二房/三房 36-93㎡,否,无,确认,全名「时代骄子大厦」，学府路北、南山大道东（南山大道2028/2032号）。咚咚楼盘库：物业类型商品住宅+商业，2003-02-14开盘、2003-10-15最早交房，占地6269.2㎡（≈OSM 7353㎡）、建面52543㎡、总房源668、容积率8.38。乐有家：A/B两栋32层，1-3层为赛格电子商场、5-32层住宅，户型36-93㎡。住宅部分70年产权（聚汇），故判为住宅+商业混合楼而非商务公寓。户数三口径不一（668咚咚/乐有家、920聚汇、994吉屋）。
71,如意家园,南山区,南头街道,桃园,1/12,125.4,5810,住宅小区,2003,408（另有385备案/414口径）,5（1栋综合楼+4栋18层住宅）,2-3房为主，二房约73㎡、三房约106-114㎡,否,无,确认,常兴路与桃园路交汇处，距12号线桃园站约280m。咚咚：2002-04-19开盘、2003-04-30最早交房，占地13115.5㎡、建面42000㎡、容积率3.2、217车位，项目介绍明确「1栋综合楼+4栋18层住宅，共408户」；户型库为二房2种/三房4种/四房1种，二房72.77-72.88㎡。乐有家：2003年、408户、4栋小高层、2-3房106-114㎡。聚汇记2004年/414户。四房仅1种户型，故large_unit判否。注意OSM占地5810㎡远小于备案13115.5㎡。
72,民政公寓,南山区,南头街道,桃园,1/12,171.3,4801,不确定,1992,未知,未知,未知,未知,未知,单一来源,只查到聚汇数据一条：1992年、普通住宅、70年产权、容积率4.6，无户数/栋数/地址/户型。咚咚楼盘库无此项目（自动补全返回空），乐有家/贝壳未检到独立小区页。名称「民政公寓」+1992年+南头桃园站片区，疑为民政系统单位自建/福利房，但无任何直接证据，故type写不确定、不臆断为宿舍单位房。此条是本批信息最薄弱的一条。
73,南侨花园,南山区,南头街道,桃园,1/12,34.4,4237,住宅小区,1998-1999,112-115,8,3房2厅 89㎡ / 约110-120㎡,部分,未知,确认,南山大道20号/2046号（桂庙片区），距12号线桃园站约300m，与OSM一致。乐有家：1998年、112户、住宅商品房、89㎡与约120㎡三房、建面35468㎡、容积率1.2、56车位、深圳一冶南方实业开发。聚汇：1999年、115户/8栋、70年产权、南山物业。★张冠李戴警示：搜索摘要常把「南侨花园」与白石洲沙河东路的「侨洲花园」（1995年、2-3栋、128-370户）混为一谈，两者不是同一小区。
74,前海润峯府,南山区,南山街道,前湾公园,5,88.7,30365,住宅小区,未知（2021-12-13开盘备案，交房年份未查到）,743（商品住宅备案套数）,7（6栋商品住宅+1栋人才住房，另配商业与公交首末站）,建面约109-151㎡（三/四房），A-F座,部分,有（规划配建1栋人才住房；非旧改回迁）,确认,华润置地+金地+电建地产南国置业+前海控股联合开发，前湾四路与听海大道交汇处，物业类型商品住宅+商业，占地26800㎡（OSM 30365㎡）、建面13万㎡、容积率4.85、1300车位、物业费9.9元/㎡、华润物业。项目介绍：6栋住宅+1栋人才住房+7000㎡商业+4000㎡公交首末站。2021-12-14备案743套住宅（A/B/C/D/E/F座），建面约109-151㎡，均价约11.2万/㎡，总价1099-2052万/套，743套当日售罄。因主力段跨109-151㎡，大户型只算「部分」。交房年份查无公示，按铁律写未知。
75,前海天境,南山区,南山街道,前湾公园,5,46.1,27022,住宅小区,未知（2021-01开盘售罄，交房年份未查到）,1003（1/2/3/5栋备案；全盘总户数未公示）,未知（备案涉1/2/3/5栋，至少4栋住宅）,建面约107-146㎡（三/四房），另有商业28-135㎡,部分,未知,确认,全名「前海天境花园」，开发商深圳市龙光房地产（业内称「龙光前海天境」），项目地址「南山区前湾公园地铁站西南侧」，与OSM（距5号线前湾公园站出入口46m）高度一致。2021-01-19备案1/2/3/5栋住宅1003套，建面约107-146㎡、均价约11.2万/㎡；商业建面28-135㎡、均价16.9万/㎡。2021-01-25摇号2852批选1003套，01-28全部选完。咚咚详情页占地/建面/交房均「待定」，故这几项写未知。
76,南园枫叶公寓,南山区,南山街道,南光,12,173.4,19866,商务公寓,2014（2012-12-25开盘）,1120,2（A、B座各31层）,2-3房 41-70㎡,否,无,确认,属「南园枫叶国际广场」一期（南山大道与创业路交汇处，南油片区）。咚咚楼盘库该项目物业类型标为写字楼，项目介绍明确：一期=1栋国标写字楼（枫叶大厦）+2栋高端商务公寓（枫叶公寓）+商业；枫叶公寓建面约7.8万㎡，A/B两座31层，总户数1120套，主力户型41-70㎡的2-3房，「不限购不限贷」——典型深圳商务公寓，不带70年住宅产权/学位。全项目总套数1328（公寓1120+写字楼208）。★口径冲突：聚汇数据把「南园枫叶公寓A座」标为普通住宅、70年产权，与上述开发商口径矛盾，此处采信咚咚+不限购特征。OSM地块19866㎡大于一期占地6825㎡，可能连写字楼与商业一起圈了。
77,南海城中心,南山区,南山街道,南光,12,49.7,14982,住宅小区,1997,752,9,未知（按容积率3.5×OSM占地/户数估户均约70㎡）,否,未知,单一来源,聚汇数据：1997年、住宅、70年产权、752户/9栋、容积率3.50、南山-南山中心区、深圳南油物业管理。同平台另有「南海城」一条（不同记录、同片区），注意二者可能是同一大盘的不同分区。咚咚楼盘库无此项目，未取得第二独立来源；户型表未查到，large_unit系按户均建面推断。
78,现代城华庭,南山区,南山街道,南光,12,6.0,14922,混合,2004,1468-1873（口径不一）,6,一房约53㎡、二房约64-87㎡、三房约105-131㎡、四房约237-260㎡；主力二/三房,部分,无,确认,咚咚楼盘库项目名为「TIME现代城」，创业路与南光路交汇处，2003-10-18开盘、2004-09-30最早交房，占地17213.4㎡（OSM 14922㎡）、建面180800㎡（介绍199460㎡）、总房源1873、容积率10.5、500车位、物业费8.0元/㎡；6座高层围合，户型「一房一厅到五房二厅近20种」。聚汇：2004年、住宅、70年产权、1468户/6栋、容积率10.05。★判混合的理由：容积率10+、物业费8元/㎡属商办水平，且咚咚物业类型为商品住宅+商业，疑部分楼栋/裙楼为商业或商务公寓（未逐栋核实）。★咚咚户型库里105/64-70/79㎡等面积与相邻「万象新园」完全重合，疑有串档，户型面积仅供参考。
79,南光城市花园,南山区,南山街道,南光,12,83.6,13625,住宅小区,2009（计划竣工2009-04-10；实际交付年份未确认）,1278,未知,二房为主（户型11种：一房2/二房6/三房2/四房及以上1）,否,未知,单一来源,咚咚楼盘库：深圳市阳光华艺房地产+南岗实业开发，南山大道以东、海德二道以南、创业路以北，占地22843.83㎡、建面104550㎡（招标107478㎡）、总房源1278、容积率4.50、800车位、物业费2.98元/㎡、新一代物业；计划开工2007-11-16、计划竣工2009-04-10。★勿与聚汇数据的「南光花园」混淆——那是1994年建成、468户/10栋的另一个小区。OSM地块13625㎡小于备案占地22844㎡，疑仅覆盖一部分。只有咚咚一个来源，故单一来源。
80,东方海雅居,南山区,南山街道,南光,12,59.6,4832,住宅小区,2002（2001-12-28开盘，2002-12-31最早交房）,306-322,2,二房2种 + 三房2种（具体面积未查到）,否,无,确认,咚咚：深圳市东方中居实业开发，创业路南、南光路西，占地4487.7㎡（≈OSM 4832㎡）、总房源306、容积率3.10、345车位、物业费2.90、东方物业；主力户型二房2种/三房2种。聚汇：2001年、住宅、70年产权、322户/2栋、容积率7.29。两源容积率冲突（3.10 vs 7.29），户数306/322小差；仅二三房、无四房，故large_unit判否。
81,怡海广场,南山区,南山街道,南光,12,6.8,4417,住宅小区,1996,464,2,未知（按容积率9.65×OSM占地/户数估户均约92㎡）,未知,未知,单一来源,名字带「广场」，但聚汇数据记物业类型=住宅、产权=70年、塔楼、464户/2栋、容积率9.65、南山-南山中心区，1996年。咚咚楼盘库自动补全无此项目，未取得第二来源，产权性质建议二次核实（这是本批最需要复核的「名称易误判」项之一）。户型表未查到。
82,荔苑小区,南山区,南山街道,南山,11/12,135.8,50357,住宅小区,1996,1018,27,未知（容积率1.70、27栋多层板楼，按OSM占地估户均约84㎡）,否,未知,单一来源,聚汇数据：1996年、住宅、70年产权、1018户/27栋、板楼、容积率1.70、南山-南头、深圳市常安物业、物业费1元/㎡。同平台另有「荔苑小区北区」「荔苑小区南区」两条（均1996年，无户数），说明小区分南北区，OSM单地块50357㎡与27栋多层规模相符。户型面积未查到，large_unit按容积率1.7的90年代多层板楼推断为否。
83,万象新园,南山区,南山街道,南山,11/12,134.7,17832,住宅小区,2000-2002（一期2000-2001交房，二期2002）,1240（主体，另二期1476；咚咚备案377套）,4（二期另4栋）,一/二/三房 35-97㎡；一房45.34㎡、二房63.76-70.22㎡、三房104.96-105.78㎡,否,无,确认,深圳南油开发建设有限公司开发，桂庙路北、南光路西，咚咚：2000-10-20开盘、2001-12-28最早交房、占地15810.3㎡（≈OSM 17832㎡）、建面110000㎡、容积率6.53、300车位、南油物业；项目介绍明确「全部为中小户型，35-97㎡的一房、二房、三房」——large_unit可硬判为否。聚汇：2000年、1240户/4栋、70年产权；同平台「万象新园二期」2002年、1476户/4栋（南油）。户数三口径差异大（377备案/1240/二期1476），OSM单地块疑仅覆盖一期。
84,学府花园,南山区,南山街道,南山,11/12,173.5,17683,住宅小区,1999,556,5,未知（按容积率3.20×OSM占地/户数估户均约100㎡）,未知,未知,单一来源,聚汇数据：1999年、住宅、产权描述「商品房产权70年」、556户/5栋、板楼、容积率3.20、南山-南头、深圳市万厦物业。★同名警示：深圳罗湖、龙岗等地亦有「学府花园」，本条以「南山-南头」+万厦物业+南山站片区定位；咚咚楼盘库无此项目，未取得第二独立来源。户型未查到，故large_unit写未知。
85,康乐大厦,南山区,南山街道,南山,11/12,190.1,10539,住宅小区,1996,608,3,未知,未知,未知,单一来源,名字带「大厦」但聚汇数据记物业类型=住宅、产权=70年、塔楼、608户/3栋、容积率7.42、南山-南头、深圳市康乐物业管理。深圳福田/罗湖亦有同名「康乐大厦」，本条按南山-南头+康乐物业定位。咚咚楼盘库无此项目，仅单一来源；户型未查到。
86,中兴之家,南山区,南山街道,南山,11/12,189.4,10166,住宅小区,1989,854,10,未知（按容积率4.03×OSM占地/户数估户均约48㎡，属小户型）,否,未知,单一来源,聚汇数据：1989年、住宅、70年产权、854户/10栋、容积率4.03、南山-南油、深圳市中城物业。1989年建成+南油片区+户均估算仅约48㎡，疑为南油集团时期的单位/福利房片区，但无直接证据，故resettlement写未知、不臆断为宿舍单位房。咚咚楼盘库无此项目。注意与中兴通讯的员工住房无已证实关系（名称巧合，未核实）。
87,金田花园,南山区,南山街道,南山,11/12,195.5,8838,住宅小区,1996,357,10,未知（按容积率4.00×OSM占地/户数估户均约99㎡）,未知,未知,单一来源,对应聚汇数据「金田花园(南山)」：1996年、住宅、70年产权、357户/10栋、塔楼、容积率4.00、南山-南山中心区、深圳市金田物业。★同名警示：深圳福田、宝安、龙岗均有「金田花园」，咚咚楼盘库里「金田花园花域/二期花域」是另外的在售新盘，与本条无关。仅单一来源，户型未查到。
88,光大邨,南山区,南山街道,南山,11/12,135.6,7151,住宅小区,1998,243,4,未知,未知,未知,单一来源,OSM名「光大邨」＝聚汇数据「光大村」（邨为村的异体字）：1998年、住宅、70年产权、243户/4栋、板楼、南山-南头。咚咚楼盘库自动补全的「光大」系项目均为其他城市/片区楼盘，与本条无关。仅单一来源；容积率、户型均未查到。
89,顺天大厦,南山区,南山街道,南山,11/12,95.1,7118,住宅小区,2004（2003-11-05开盘）,81-126（口径不一）,1,三房（4种户型，面积未查到）,未知,未知,确认,咚咚：开发商=深圳市南山区南山实业公司，桂庙路与常兴路交汇处，2003-11-05开盘，占地7074.3㎡（≈OSM 7118㎡），总房源81，物业费2.20，物业公司=南山街道办社区中心物业部，主力户型三房4种。聚汇：2004年、住宅、126户/1栋、容积率2.27、顺天物业。★开发商为区属实业公司、物业由街道办社区中心承担，疑有单位/村股份公司背景（可能含安置或福利房成分），但无直接证据，resettlement写未知。户数81与126口径不一。
90,光彩新世纪,南山区,南山街道,南山,11/12,11.0,5766,住宅小区,2004,511-517,3,一房49㎡二厅 ~ 三房两厅90㎡；二房为主（户型：一房2/二房5/三房1）；二房79.29-86.62㎡,否,无,确认,全名「光彩新世纪家园」，泛海建设集团开发，南山大道与桂庙路交汇处。咚咚：2004-02-15开盘、2004-12-31最早交房，占地7474.3㎡（OSM 5766㎡）、建面43350㎡（介绍57586㎡）、总房源517、容积率5.80、248车位、物业费2.50、光彩物业；介绍明确「三层商业裙楼连接的三栋高层住宅，户型由49㎡一房二厅到90㎡三房两厅」，故large_unit硬判否。聚汇：2004年、住宅、70年产权、511户/3栋。底商为裙楼，住宅部分70年产权，仍归住宅小区。
91,怡苑阁,南山区,南山街道,南山,11/12,63.9,5348,住宅小区,1993,126,2,未知（按容积率1.80×OSM占地/户数估户均约76㎡）,否,未知,单一来源,聚汇数据：1993年、住宅、70年产权、126户/2栋、容积率1.80、南山-南山中心区、深圳市顺天物业。咚咚楼盘库无此项目，仅单一来源；户型未查到，large_unit按容积率1.8的90年代初小体量项目推断为否。
92,荔园大厦,南山区,南山街道,南山,11/12,7.2,4560,商务公寓,1996,368,2,未知（按容积率2.81×OSM占地/户数估户均约35㎡，属单间/小户型）,否,无,单一来源,★本批唯一查到非70年产权的老楼：聚汇数据明确记「产权描述=50年产权」，1996年、368户/2栋、塔楼、容积率2.81、南山-南油、深圳市晨晖置业发展。50年产权+户均估算约35㎡→判为商办性质公寓（深圳所谓商务公寓，无学位）。但仅单一来源，且深圳罗湖亦有同名「荔园大厦」，产权年限务必二次核实——这是本批最需要复核的一条。
93,天源大厦,南山区,南山街道,南山,11/12,109.6,3683,住宅小区,1999,320,2,未知（按容积率5.00×OSM占地/户数估户均约58㎡）,否,未知,单一来源,聚汇数据：1999年、住宅、70年产权、320户/2栋、塔楼、容积率5.00、南山-南油、深圳金阳成物业。名字带「大厦」但产权记为70年，故归住宅小区（与id 92荔园大厦的50年产权形成对照，说明不能只凭名字判断）。咚咚楼盘库无此项目，仅单一来源；户型未查到。
94,跃华园,南山区,南山街道,南山,11/12,129.2,3174,住宅小区,1999,128,1,未知（按容积率2.40×OSM占地/户数估户均约60㎡）,否,未知,单一来源,聚汇数据：1999年、住宅、70年产权、128户/1栋、塔楼、容积率2.40、南山-南头、深圳市鑫森磊物业。src=地块但仅1栋、OSM占地3174㎡，属单体住宅楼性质。咚咚楼盘库无此项目，仅单一来源；户型未查到。
95,鸿瑞花园,南山区,南山街道,南山书城,9,156.4,43909,住宅小区,1999-2003（一期1999、二期2002、三期2003）,约1472（一期291+二期408+三期773）,约31（12+11+8）,未知,未知,未知,单一来源,聚汇数据主条（鸿瑞花园）：1999年、住宅、70年产权、291户/12栋、容积率2.60、南山-南山中心区、半岛房地产物业；同平台「鸿瑞花园二期」2002年408户/11栋、「鸿瑞花园三期」2003年773户/8栋（一期条目无数据）。★口径提醒：OSM单地块43909㎡明显覆盖多期，若按主条291户会严重低估，故此处给合计值。所有分期数据均来自聚汇数据同一平台，未获第二独立来源；户型未查到。
96,康乐园,南山区,南山街道,南山书城,9,60.5,18145,住宅小区,1991,301,13,未知（容积率1.16、13栋多层，按OSM占地估户均约70㎡）,否,未知,单一来源,聚汇数据：1991年、住宅、70年产权、301户/13栋、板楼、容积率1.16、南山-南山中心区、深圳市南油物业。容积率1.16+13栋多层+南油物业，疑为南油集团早期职工/福利房片区，但无直接证据，resettlement写未知。★同名警示：深圳多区（罗湖、宝安）均有「康乐园」，本条按南山中心区+南油物业定位。咚咚楼盘库无此项目。
97,缤纷假日豪园,南山区,南山街道,南山书城,9,63.3,12066,住宅小区,2001,587,6,未知（按容积率5.68×OSM占地/户数估户均约117㎡）,部分,未知,单一来源,聚汇数据：2001年、住宅、70年产权、587户/6栋、板楼+板塔结合、容积率5.68、南山-南山中心区、深圳金阳成物业。large_unit=部分 是推测：名称含「豪园」且按容积率×OSM占地/户数估户均约117㎡，疑三房大户为主，但没查到户型表，不能确认。同平台另有「缤纷假日」一条（无数据），疑同一项目不同分期/别名。咚咚楼盘库无此项目。
98,龙城新苑,南山区,南山街道,南山书城,9,138.1,8238,住宅小区,1993,203,12,未知（按容积率2.61×OSM占地/户数估户均约106㎡）,未知,未知,单一来源,聚汇数据：1993年、住宅、70年产权、203户/12栋、容积率2.61、南山-南山中心区、深圳南油钜建物业。★同名/易混警示：深圳龙岗有「龙城」系大量小区（龙城花园等），本条是南山区南山中心区、南油钜建物业管理的1993年老小区，勿与龙岗龙城片区混淆。咚咚楼盘库无此项目，仅单一来源；户型未查到。
99,山东大厦,南山区,南山街道,南山书城,9,49.4,6159,混合,1997,262,3,未知,未知,未知,单一来源,聚汇数据：1997年、物业类型记住宅、70年产权、262户/3栋、板楼+塔楼、容积率8.17、南山-南山中心区。★判混合的理由：容积率8.17×OSM占地6159㎡≈5万㎡建面，除以262户得约192㎡/户，远超住宅合理值，说明总建面中含大量非住宅（写字楼/酒店/商业）面积；名称「山东大厦」也符合驻深单位综合楼特征。但住宅与非住宅的分栋、是否含单位宿舍均未查到，故户型/大户型/回迁均写未知。咚咚楼盘库无此项目，仅单一来源，建议二次核实。
100,海典居,南山区,南山街道,南山书城,9,15.2,5506,住宅小区,1999,306-527,4,2-3房为主；在售另有135-208㎡的4-5房大户,部分,无,确认,"南油集团开发，南海大道2287号（南山中心区/9号线南山书城站）。建成年份三源一致=1999。户数口径不一：乐有家/百度百科记306户，贝壳记527户，note中两者都保留。乐有家在售户型集中在135-208㎡四五房，故判""部分""大户。"
101,龙泰轩,南山区,南山街道,南山书城,9,173.3,3753,住宅小区,2002,187-190,3,一房约48-50㎡ / 两房70-80㎡ / 三房86-105㎡（最大到113㎡四房）,否,无,确认,南光商业街48号，3栋11层小高层，深圳市闽泰房地产开发。房网备案：2001-12-22开盘、2002-07-28交房、总房源187、建面14300㎡；贝壳记190户、2002年建成。最大户型113㎡四房，非大户型盘。
102,海昌阁,南山区,南山街道,南山书城,9,165.6,2031,住宅小区,1993,82-177,1,未知（在售为2-3房，单栋8层老楼，以出租为主）,否,无,单一来源,"南光路21号（海王大厦后），单栋8层开放式老楼，建面约3900㎡。乐有家：华西公司集体产权32户+个人产权50户=82户、1993-12-15建成、物业费0.8元；贝壳记177户；房天下记1996年建成。户数口径严重冲突，均保留。OSM标为""地块""但面积仅2031㎡，实为单体楼。"
103,公园道大厦,南山区,南山街道,南油,12/9,119.1,9304,商务公寓,2012,364-575,2,"全部按""一房/二房""登记，36.08㎡-111.78㎡（44.79㎡×72套、62.79㎡×36套为主力）",否,无,确认,"关键结论：不是70年产权住宅。备案名""公园道大厦""、推广名""公园道""，是凯德置地深圳来福士综合体一期，官方定义为""由写字楼、商务公寓和零售商铺组成""，房网物业类型登记为""商业住宅""，项目特色标签含""精品公寓/商住两用""。房网备案：2012-11-21开盘、总房源448、建面41300㎡、占地8175.07㎡；贝壳记575户、乐有家记364户。所有户型均为一房/二房，最大111.78㎡，无四房、无120㎡+。"
104,金晖大厦,南山区,南山街道,南油,12/9,0.0,6614,混合,2000-2003,1090-1197,5,以1-2房小户为主（在售74-95㎡两三房居多）；套均建面约44-49㎡,否,无,单一来源,"南海大道2087/2093号，9号线南油站零距离。房网项目介绍明确为""集商住、办公、大型综合商城于一体""的商住综合楼，物业类型登记""住宅、商铺""，容积率8.54；贝壳/乐有家/房天下均把它当住宅小区收录，二手房挂牌标""普通住宅""。建成年份三源不一：贝壳2000、房天下2002、乐有家2003。户数：贝壳1197户/5栋，乐有家1090户、总建面53000㎡ → 套均仅约45㎡，明确不是大户型盘。"
105,百富大厦,南山区,南山街道,南油,12/9,49.1,4790,住宅小区,2004,384-398,2,一房/二房/三房，约65-98㎡（在售以65-77㎡两房最多）,否,无,确认,"南海大道2127号（南油大道以西、登良路以南），深圳南油房地产开发，深圳南油物业。房网备案：总房源384、建面25728㎡、占地3591.30㎡、容积率6.5；贝壳记398户/2栋/2004年；安居客明示""商品房产权70年""。套均约65㎡，非大户型。"
106,四达大厦,南山区,南山街道,南油,12/9,61.7,3198,住宅小区,2002,282-288,1,一房一厅47.32㎡ / 二房二厅68.19-72.06㎡ / 三房二厅89.23-98.75㎡,否,无,确认,"推广名""都市本色""，备案名""四达大厦""，南油大道西、粤海路北（南海大道2109号）。房网备案原文：""一栋二座，楼高20层，共282户""，2001-08-13开盘、2002-06-01交房、建面24561.66㎡、占地3124.70㎡、使用年限70年；贝壳记288户/2栋。最大户型98.75㎡，无大户。"
107,福庭苑,南山区,南山街道,南油西,9,194.9,20827,住宅小区,1996-2000,334-412,9,72.72-168㎡，含复式6房；容积率约1.3，低密度多层,部分,无,单一来源,"招商地产开发，东滨路（南油西/9号线南油西站）。建成年份三源分歧大：贝壳1996、乐有家1998-07-20、房天下2000。户数：乐有家334户、贝壳412户/9栋。乐有家载总建面19000㎡、容积率1.3、绿化率50%，与OSM占地20827㎡吻合（低密度）；在售有""复式6房、前后花园""及168㎡户型，故大户型判""部分""。注意：房网另有""滨福庭园""(高新南环路)为不同项目，勿混。"
108,中熙·君南山,南山区,南山街道,南油西,9,94.3,12052,住宅小区,2015-2017,475-550,4-5,83-89㎡三房 / 136-160㎡四房及复式（房网：主力83-160㎡平层及复式）,部分,无,确认,"东滨路与南光路交界处西北侧（荔林路8号），中熙地产，纯住宅性质用地、容积率4、建面56550㎡、占地14128.61㎡、33层高层5栋。房网备案总房源475、2015-07-31开盘；贝壳记4栋550户；乐有家记5栋537户、2017年交楼。另有单一来源称""商品房477户+公租房146户""（数字自相矛盾，未采信），是否配建保障房待核。"
109,前海湾花园一期,南山区,南山街道,妈湾,5,46.1,16192,住宅小区,2010,700,未知,"未知（房网户型库只登记""一房×1、四房及以上×2""三个户型，无面积；一期套均建面约83㎡）",未知,无,单一来源,招商前海湾置业开发，港城路61-62号/前海湾汽车物流园区，5号线南延妈湾站旁。房网备案：一期建面58419.2㎡、总房源700、2010-07-13开盘、计划竣工2010-12-31、容积率2.5、已售罄。OSM把同一小区拆成四个地块（id109-112），官方资料只分一、二期（一期58419.2㎡、二期46339.88㎡，合计104759.08㎡）；贝壳口径为整体12栋1918户。一期套均83㎡，暂无据判定大户型。
110,前海湾花园二期,南山区,南山街道,妈湾,5,0.0,13445,住宅小区,2010,未知,未知,未知,未知,无,推测,"同id109为一个小区（招商前海湾花园）被OSM拆分。官方仅记二期建面46339.88㎡，未见二期独立户数/栋数/户型；整体口径为12栋1918户、总建面104759.08㎡（套均约55㎡，偏小户，但1918户是否含三、四期未证实）。二期数据全部标未知，不做推断。注意：搜索时极易与""前海花园""（桃园路288号，1995年，15栋1200户）张冠李戴，两者不同。"
111,前海湾花园四期,南山区,南山街道,妈湾,5,174.4,8364,住宅小区,未知,未知,未知,未知,未知,未知,推测,"安居客有""前海湾花园(四期)""独立小区页（港城路62号），但抓不到详情，且房网/贝壳均无""四期""备案记录——官方只承认一、二期开发。判定依据仅为""属招商前海湾花园同一大盘、5号线妈湾站旁的住宅地块""。所有数值字段留未知。"
112,前海湾花园三期,南山区,南山街道,妈湾,5,181.4,8119,住宅小区,未知,未知,未知,未知,未知,未知,推测,"同上：安居客有""前海湾花园(三期)""页（港城路62号），无可靠详情。特别提示错误过滤：网上流传的""前海湾花园三期：1995年建成、15栋、1200户、占地49250㎡""实为罗湖/南山另一小区""前海花园（三期）""的数据，已剔除，不采用。"
113,城市山林,南山区,南山街道,荔林,9,13.1,78595,住宅小区,2006-2008,1717-1746,22,"68.89-150.94㎡；在售主力91-106㎡三房与约112㎡四房；二期""上园""以大户为主",部分,无,确认,"全称""华联城市山林花园""，南山大道与东滨路交汇处（东滨路4343号，9号线荔林站），华联置业开发。房网：一期2006-06-11开盘、901套；二期""城市山林上园""2008-09-29开盘、814套（介绍称6栋10单元816户""纯粹大户空间""）；整体占地83534㎡、建面115143㎡（乐有家记总建面217354㎡、1717户、22栋，房网口径疑只含计容部分）。贝壳记22栋1746户、2007年。套均约126㎡。注意：另有说法""1996年建成""，与两处备案开盘时间矛盾，未采信。"
114,荔庭园,南山区,南山街道,荔林,9,50.2,18299,住宅小区,1997,267,6,未知（在售以2-3房为主）,未知,无,单一来源,"东滨路4345号（紧邻城市山林，9号线荔林站），深圳市南商房地产开发、招商物业，物业费仅1.25元/㎡·月。贝壳：1997年建成、6栋267户；房天下记1999年。另存在独立小区""荔庭园二期""（1999年、2栋160户、荔园地产），OSM此18299㎡地块按面积/位置判为一期主体。无户型面积数据，未推断大户型。"
115,南荔苑,南山区,南山街道,荔林,9,84.0,7964,住宅小区,2007,423-425,3,35-36㎡单身公寓 / 48-50㎡一房 / 70-75㎡两房,否,无,确认,"推广名""悠山美地""，备案名""南荔苑""，内环路以北、南山大道以西（9号线荔林站），深圳市文广房地产开发、莲花物业。房网：2007-12-28开盘、总房源423、建面23020㎡、占地6829.90㎡、容积率3.37，项目介绍原文""35-36平米的单身公寓、48-50平米的一房和70-75平米两房""；贝壳记3栋425户。产权登记为商品住宅（非商务公寓），但产品全为小户，明确不是大户型盘。"
116,南山花园,南山区,南山街道,荔湾,5,33.8,53800,住宅小区,1992-1997,232-248,23,主力168-206㎡；含独栋/联排/双拼/叠拼别墅与低层板楼,是,无,单一来源,"南油集团开发，荔湾路137号（5号线荔湾站），乐有家标注建筑结构含板楼+独栋/联排/双拼/叠拼别墅，成交户型区间168-206㎡；贝壳记23栋248户、1992年建成、板楼，乐有家记232户、1997年建成——年份分歧保留。OSM占地53800㎡ ÷ 约240户 ≈ 224㎡/户，与低密度别墅区吻合，故大户型判""是""。防同名：深圳/惠州多处有""南山花园""，此条以南山区前海南片区+荔湾路+南油集团三重交叉确认。"
117,泛海·拉菲花园,南山区,南山街道,荔湾,5,39.5,28947,住宅小区,2009,481-551,8,"50.62-275.12㎡，房网主力户型统计为""四房及以上×8""，叠院+小高层",是,无,确认,"深圳市光彩置业（泛海系）开发，月亮湾大道以东、荔湾路以西（前海路0189号，5号线荔湾站）。房网：2009-02-27开盘、总房源481、占地32106.36㎡、建面48160㎡、容积率1.5，介绍称""叠院和小高层组合""、""中高档泛豪宅项目""；贝壳记8栋551户、2009年。户型上限275㎡、主力四房以上 → 大户型为主。"
118,泛海·拉菲花园二期,南山区,南山街道,荔湾,5,38.5,23874,住宅小区,2012,652-684,8,"85-176㎡ Park House，房网主力""三房×7、四房及以上×2""",部分,无,确认,"同为光彩置业开发，前海路青青世界南侧大南山脚下。房网：2011-07-12开盘、2012-06-30交房、总房源684、占地24251.84㎡、建面60630㎡、容积率2.5、绿化率30%，介绍称""3栋9座高层、15-16层""、""户型面积85-176㎡""；贝壳记8栋652户、2010年建成，房天下记2012年。三房为主力、含176㎡四房，故""部分""。"
119,前海港湾花园,南山区,南山街道,荔湾,5,92.6,19216,住宅小区,2015-2018,692-728,5,76㎡两房 + 81-125㎡三房,部分,无,确认,"全称""深物业前海港湾花园""，深圳市物业发展（集团）开发，兴海大道与月亮湾大道交汇处/月亮湾大道2007号（5号线荔湾站）。房网原文""整体规划共5栋，总户数692套，76平米两房，81-125平米3房""，占地19894.11㎡（与OSM 19216㎡吻合）、建面63325.01㎡、2018-08-10开盘、车位710；贝壳记5栋728户、2015年建成，房天下记2017年。防混淆：蛇口另有""港湾花园""（蛇口新街22号、1997年、9栋415户）及""港湾生活小区""，非同一小区。"
120,观峰阁,南山区,南山街道,荔湾,5,32.2,5608,住宅小区,1998,140,7,未知（在售挂牌多为3房2厅）,未知,无,单一来源,港前路25号（5号线荔湾站旁，紧邻泛海拉菲花园二期），南油开发有限公司，物业费1-1.8元/㎡·月。贝壳：1998年建成、7栋140户、塔板结合；房天下同记1999年、南山-前海。7栋仅140户＋OSM占地5608㎡，属小体量多层；无户型面积数据，大户型留未知。
121,招商领玺家园,南山区,南山街道,铁路公园,5,184.7,13627,住宅小区,2019-2021,456,未知,未知（一期户型未查到明确面积；计容套均约142㎡，参考均价10.8万/㎡；同项目二期主力120-170㎡三至四房）,是,无,单一来源,"备案名""招商·领玺家园""、推广名""招商·领玺""，开发商深圳市前海蛇口启迪实业（招商蛇口平台公司），前海妈湾兴海大道与临海大道交汇处，物业费6.5元/㎡·月。房网：2019-11-28开盘、总房源456、占地13767.14㎡（与OSM 13627㎡吻合）、建面91860.57㎡、容积率4.72 → 计容套均约142㎡。市住建局城建档案2021年7月接收""招商领玺家园""（建设单位同）。同项目二期备案名""嵘玺家园""（255套、占地9311㎡、主力120-170㎡3-4房）。""家园""二字在深圳常见于人才房/安居房命名，但本项目房网物业类型登记为""商品住宅""、均价10.8万，未见保障房配售公告，故按商品住宅计；如需确认建议查前海管理局配售公告。"
122,前海颐湾府,南山区,南山街道,铁路公园,5,120.0,12410,住宅小区,2020-2021,367-610,4,120㎡与190㎡两种户型（房网原文）,是,无,确认,"备案名""颐城栖湾里""、推广名""颐湾府""，深国际前海置业＋深业置地，港城路与妈湾一路交汇处（前海19单元06地块，5号线铁路公园/妈湾站）。房网：占地12490.61㎡（与OSM 12410㎡吻合）、建面78313.04㎡、容积率4.35、总房源367、物业费6.5，介绍原文""4栋点式塔楼，两栋高约140米、两栋高约100米，设计了120㎡和190㎡两种户型""；贝壳记4栋610户、2020年建成，房天下记2021年。户数两源差异大（367 vs 610），均保留；户型全为120㎡+，大户型判""是""。"
123,招商前海·领尚公馆,南山区,南山街道,铁路公园,5,56.5,8667,商务公寓,2020,741-758,2,41-92㎡ 一房/二房（房网主力：一房×2、二房×1）,否,无,确认,"关键结论：非70年产权普通住宅。开发商深圳市前海蛇口启迪实业，前海深港合作区十九单元01街坊（5号线铁路公园站）。房网物业类型登记为""商业住宅、商业、写字楼""，2020-05-31开盘、总房源741、建面38693.27㎡、物业费7.5元/㎡·月，全部户型41-92㎡一二房；贝壳记2栋758户、2020年建成、塔楼。""公馆""＋商办登记＋高物业费＋小户型，判为商务公寓/商办混合，不带学位。"
124,龙海家园,南山区,南山街道,鲤鱼门,1,126.1,131597,安居房人才房,2015,未知,未知,单身公寓约35㎡ / 一房一厅约42㎡ / 二房约53㎡（市住房保障署配租通告原文）,否,无,确认,"官方定性：深圳市公共租赁住房（公租房），不是商品房。市住建局2015-01-30《关于龙海家园公共租赁住房终审合格家庭名单公示及选房签约等有关事项的通告》：2015-03选房、2015-05-16起入住；市住建局另称其为""我市最大规模保障房项目""；2025年官方""和美社区""专题写明""坐落于南山区南山街道桂湾社区的龙海家园，是地铁前海车辆段上盖保障性住房""。2021年残疾人定向配租通告给出地址""南山区桂湾三路与十一号路交叉路口东侧""及户型面积（35/42/53㎡）。因不可上市交易，贝壳、房天下、乐有家、深圳房网均无小区收录，总套数与栋数官方未披露 → 留未知，不编造。2024年10月市城建档案馆另接收""龙海家园项目（第二批次）""，建设单位深圳市地铁集团，说明有后续批次。"
125,四海小区,南山区,招商街道,四海,12,115.5,74010,住宅小区,1984,2362,42,未知（在售多为3房；80年代多层为主）,未知,无,单一来源,"蛇口工业八路与四海路交汇处（12号线四海站），开发主体招商局地产（招商局蛇口工业区早期建设），物业费仅1.2元/㎡·月。贝壳：1984年建成、42栋2362户；房天下记1998年建成（疑为部分楼栋改造或口径不同，两者都保留）。性质上属招商局蛇口工业区早期单位福利房，现已商品化、可正常二手交易，故归""住宅小区""而非""宿舍单位房""，但购房前应核实产权类型。无户型面积数据，大户型留未知。"
126,花园城三期,南山区,招商街道,四海,12,6.8,50938,混合,2004-2005,1254-1396,20,98-120㎡三房二厅 + 140-170㎡四房二厅，另配50-70㎡公寓产品,部分,无,确认,"招商房地产开发（蛇口花园城三期），工业大道与工业八路交汇处（12号线四海站）。房网：2004-05-17开盘、总房源1254、占地35340㎡、建面39323㎡、容积率2.5，物业类型登记""商品住宅、商业""，介绍原文""以98—120平方米的三房二厅和140-170平方米的四房二厅为主，并配以50-70平方米的公寓产品""；贝壳记20栋1396户、2004年，房天下记2005年。因同一小区内住宅＋公寓混合，type记""混合""（主体仍是住宅）。含140-170㎡四房，故大户型""部分""。"
127,翠竹园,南山区,招商街道,四海,12,115.8,35388,住宅小区,1993,266,11,未知（在售多为3-4房；11栋266户的低密度板楼）,未知,无,单一来源,"蛇口荔园路25号（12号线四海站），深圳招商地产开发，板楼。贝壳：1993年建成、11栋266户；房天下记1998年。OSM占地35388㎡÷266户≈133㎡/户土地，属低密度老小区，可能含大面积单位但无户型数据支撑，大户型留未知。防同名：罗湖区翠竹街道亦有多个含""翠竹""小区，此条以南山蛇口商圈+荔园路+招商地产交叉确认。"
128,晗山悦海,南山区,招商街道,四海,12,7.0,26330,混合,2019-2022,1144,未知,未知（房网户型库为空）,未知,无,单一来源,"备案名""晗山悦海城""，开发商深圳市华园房地产，南海大道与工业八路交汇处西北侧（12号线四海站，负一层规划公交首末站接驳9号线四海站）。房网物业类型登记为""其他、商品住宅、商业、写字楼""，项目特色含""精品公寓、综合体""，占地19341.92㎡、总建面232595.52㎡、容积率7.39、总房源1144、车位992 → 明确是住宅＋公寓＋商业＋写字楼的高容积率综合体，购买时需按栋/按房号区分产权性质。房天下记2019年建成；市住建局城建档案2022年12月与2023年2月分别接收本项目及""晗山悦海幼儿园""，故建成年份记2019-2022区间。贝壳无收录（可能因公寓/新盘）。"
129,花园城一期,南山区,招商街道,四海,12,11.2,22600,住宅小区,2000,701,15,未知（在售以1-3房为主）,未知,无,单一来源,招商地产开发，南海大道与东滨路交汇处（12号线四海站），物业费2.8元/㎡·月。贝壳：2000年建成、15栋701户；房天下同记2000年。房网无一期独立备案页（只有三期/五期），故户型面积未知。按招商花园城系列一期定位，套型应偏中小，但无数据支撑，大户型留未知。
130,招商四海臻邸二期,南山区,招商街道,四海,12,120.3,10289,住宅小区,2024-2025,208,4,约104-120㎡三至四房（房网备案介绍原文）,部分,无,确认,"备案名""四海名邸""、推广名""四海臻邸二期""，深圳招商房地产开发，南海大道东侧、工业九路南侧（蛇口花园城旁，宗地号K501-0002，12号线四海站）。房网原文：用地面积9849.92㎡（与OSM 10289㎡吻合）、总建面约44277.4㎡、规划共4栋（1栋约1500㎡文化室、1栋幼儿园、2栋高层住宅）、计容建面约27580㎡、共208户、户型约104-120㎡三至四房，为深圳建筑新规后首批入市产品。市城建档案馆2024年12月接收""四海臻邸""（建设单位深圳招商房地产），房天下记2025年建成。含120㎡四房，大户型判""部分""。"
131,豪方悠然居,南山区,招商街道,四海,12,8.4,8972,住宅小区,2004,374-394,4,"房网主力户型""二房×1、三房×1、四房及以上×2""；套均建面约133-140㎡",是,无,单一来源,"深圳市新豪方房地产开发、新豪方物业。房网备案名""悠然居""（蛇口工业大道西、工业八路南）：2003-08-16开盘、2004-03-18交房、占地8003.35㎡、建面52295㎡、容积率3.2、总房源374 → 套均约140㎡；贝壳/房天下作""豪方悠然居""（南海大道1081号）、4栋394户、2004年建成、蛇口。二者开发商与片区一致、占地与OSM 8972㎡接近，判为同一项目（存在地址表述差异，标记为同一项目的推断）。主力户型含四房及以上、套均>130㎡，大户型判""是""。"
132,花园城五期,南山区,招商街道,四海,12,117.1,7469,住宅小区,2010,315-326,2,68-138㎡ 一房两厅一院/二房两厅一院/三房两厅一院（几乎每户赠送空中庭院）,部分,无,确认,"招商房地产开发，蛇口沿山路东、南海大道西、工业八路南（12号线四海站）。房网：2010-01-05开盘、总房源326、占地9754.81㎡、建面27090㎡（介绍称27703.83㎡）、""由两栋住宅组成，分别为19层及32层，总户数324套，主力户型为68-138平方米""；贝壳记2栋315户、2010年。因赠送空中庭院可改造，二手挂牌常见4房2厅（贝壳历史挂牌中4室2厅占比最高），实际使用面积偏大，大户型判""部分""。"
133,龙电花园B区,南山区,招商街道,四海,12,44.4,6269,住宅小区,1994,158,未知,2房47㎡、3房2厅87-93㎡,否,未知,单一来源,位于蛇口南海大道鹏基龙电工业区内，开发商为深圳市鹏基龙电股份有限公司，原为工业区配套住宅，现为可交易商品房。建成年份口径冲突：乐有家记1994年，百度百科/搜索摘要记1997年。规划户数158户、建面1.25万㎡、容积率2.7。
134,招商四海臻邸,南山区,招商街道,四海,12,106.3,3600,住宅小区,2025,120（二期，1栋）；一期约122套,1（二期）,3-4房 91-117㎡（另有104-120㎡口径）,部分,无,单一来源,占地面积2996㎡与本条3600㎡接近，判定为四海臻邸二期（工业八路以北、蛇口花园城中心东侧，距12号线四海站约200m）。资料口径混乱：一期住宅122套、二期120户（另有212户说法）；交付时间有2025年6月/2025年9月30日/2026年9月多种说法。信息来源为搜狐楼盘推文（含软广性质），仅摘要级可信。学区：深大附属后海小学＋育才二中片区。
135,太子湾·湾玺,南山区,招商街道,太子湾,12,0.0,24550,混合,2016-2019（来源不一）,215–455（来源冲突）,1-5（来源冲突）,海景大平层 240-400㎡+,是,无,单一来源,招商蛇口太子湾一线海景高端项目，邮轮大道与望海路交汇处。数据严重冲突：乐有家记2019年建成/215户/建面6万㎡/物业用途含住宅+写字楼+商铺；另一摘要记5栋455户2016年；咚咚(szhome)把'太子湾湾玺'与'太子湾领航大厦'并列并描述为写字楼/办公+商业+会议厅共174套。因此不能确定纯住宅属性，判为混合，且存在与太子湾商务公寓产品混淆的风险。产权年限未查到明确来源。
136,太子湾·瑞玺,南山区,招商街道,太子湾,12,35.8,15502,商务公寓,未知（在建，规划2023-2025年完工）,191,1,大平层 215/308/415/620㎡,是,无,单一来源,凤凰房产项目页明确：产权年限40年、建筑类别为商业、地下1至地上5层商业＋地上8-59层'品质公寓'、规划191户、1栋、占地1.4万㎡（与本条15502㎡吻合）、开发商深圳市乐享置业。属深圳典型商办性质公寓（不带学位）。注意：有搜狐推文把'太子湾瑞玺大厦'写成608套住宅、126-425㎡——该组数字实为招商玺家园的数据，属张冠李戴，不采信。
137,太子湾·豫玺,南山区,招商街道,太子湾,12,152.1,7571,商务公寓,2021,175（商办165＋商业10）,1（22层）,商办公寓，层高4.45m（部分8.9m复式/LOFT）,未知,无,单一来源,仅摘要：产权40年（2016-2056），房屋性质标注为商办公寓，2021年11月交付准现楼，8梯9户/22层。属商办性质，不带学位。来源为搜狐楼盘推文，可信度中等，未找到第二独立来源，具体户型面积未知。
138,深铁·熙府,南山区,招商街道,左炮台东,12,191.6,39769,混合,2026（预计交付2026-12-31）,约2080（全项目，商品房＋可售型人才房各约16.6万㎡；人才房推售817-2080套口径不一）,未知（至少8-9个单元，A地块1栋9单元）,人才房 2房约70㎡ / 3房约90㎡；商品房部分主力3-4房,否,无（含可售型人才房）,确认,深圳地铁置地开发，南山区招商街道兴海大道与赤湾路交汇处西北角（蛇口赤湾）。项目为商品房＋可售型人才房混合大盘，占地12.2万㎡、建面约62万㎡、容积率3.69、车位1220。2023年人才房配售：2房70㎡共1065套（含64套无障碍）、3房90㎡共1015套，申请超万户、1350户入围。本条与id139为同一项目在OSM中的两块地（本条d_m=191.6m）。
139,深铁·熙府,南山区,招商街道,左炮台东,12,33.4,37213,混合,2026（预计交付2026-12-31）,约2080（全项目，与id138同一项目）,未知,人才房 2房约70㎡ / 3房约90㎡；商品房部分主力3-4房,否,无（含可售型人才房）,确认,与id138为同一项目'深铁熙府'的另一块OSM地块（d_m=33.4m）。全项目数据不可重复计入。商品房＋可售型人才房混合，2026年底交付。
140,荔园,南山区,招商街道,水湾,2/8,26.6,23436,住宅小区,1984,360,9（1-8栋住宅，9栋为员工宿舍楼）,2房60-68㎡、3房约76㎡,否,无,单一来源,全称'荔园小区'，蛇口太子路、水湾站D出口旁，开发商招商局蛇口工业区控股，1984年建成的蛇口第一批住宅之一。含1栋员工宿舍楼（9栋），物业用途混合住宅/工业/教育/医疗。建面2.198万㎡、车位260、绿化率26%。注意与沙河街道'荔园新村'（1997年、17栋816户）非同一小区。
141,水湾B区,南山区,招商街道,水湾,2/8,2.3,17646,住宅小区,1981,约260,10,2房68-75㎡、3房2厅约90㎡,否,无,单一来源,蛇口招商路，开发商招商局蛇口工业区控股，1981年建成（深圳最早一批住宅），板楼，占地6558㎡（本条OSM为17646㎡，OSM地块可能把周边一并圈入），物业费仅0.8元/㎡，绿化率42%。物业用途含住宅＋商铺。
142,壹间水湾北区,南山区,招商街道,水湾,2/8,69.3,8597,宿舍单位房,未知（推测1980年代原招商员工住宅；2019年前后改造）,未知,未知,未知（长租公寓化，以小户型为主）,否,未知,推测,OSM名称为开发商/运营方命名。'壹间公寓'是招商蛇口（招商伊敦）的长租公寓品牌，2012年起把蛇口原员工住宅区（首个为槟榔园）改造为精装纯租赁公寓，2019年在水湾片区发布'壹间公寓·水湾'与'壹间公寓·水湾1979'。据此推断本条为水湾北区原招商员工住宅改造的长租公寓（只租不售，无产权交易），非可买卖商品住宅小区。乐有家收录的'壹间公寓'（2011年、51户、四海路与工业九路）指槟榔园那一处，非本条，不可混用。建成年份、户数、栋数均未找到可靠来源。
143,华府假日大厦,南山区,招商街道,水湾,2/8,41.6,2069,住宅小区,2006,192,1（单体，含裙楼商业）,3房2厅2卫 88-104㎡（部分带书房）,否,无,确认,名含'大厦'但是70年产权普通住宅（乐有家明确：产权2006-2076年）。蛇口太子路，总建面2.34万㎡（其中商业4500㎡、住宅1.89万㎡），车位120，绿化率20%。OSM占地仅2069㎡符合单体塔楼。
144,半山海景·兰溪谷二期,南山区,招商街道,海上世界,12/2/8,198.1,50779,住宅小区,2007,约537,9-12（来源不一：乐有家9栋、咚咚11栋、另有12栋说法）,高层4房170-210㎡；复式/叠拼280-406㎡,是,无,确认,蛇口半山豪宅，工业四路与沿山路交汇（沿山路东侧）。占地约8.6万㎡、总建面14.69万㎡、绿化率50%、车位735、物业费4.5-5.0元/㎡，含塔楼＋板楼＋叠拼别墅。一期2004年建成、二期2007年竣工（乐有家另标'2007-2011'）。典型大户型豪宅。
145,海滨花园,南山区,招商街道,海上世界,12/2/8,58.5,35646,住宅小区,1983,596-616（来源不一）,36,一期多层2房50-78㎡、3房64-78㎡；二期高层209-255㎡,部分,无,确认,全称'海滨花园(蛇口)'，招商地产开发，兴华路与兴全路交汇、南海大道近海上世界。分两期：一期5栋多层＋4栋四层复式Townhouse（小户型50-78㎡），二期3栋20层高层为209-255㎡大户型，故大户型仅占部分。户数口径596/616两说。物业用途含住宅/写字楼/商铺。
146,龟山花园,南山区,招商街道,海上世界,12/2/8,161.8,34643,住宅小区,1983-2001（乐有家另记1996）,约50-52（口径不一）,37（含独栋/联排/双拼/叠拼别墅及塔楼）,别墅大户型 299-450㎡（5房及以上）,是,无,确认,"蛇口龟山别墅片区（南山路8号／龟山路10号，招商街道五湾社区），招商局蛇口工业区／招商地产开发，金地或招商局物业管理。同片区平台上并存三个条目：'龟山花园'(50户,1996)、'龟山花园别墅'(37栋,1983-2001)、'龟山小区'(52户,1985,5栋,320-450㎡)，疑为同一别墅区的不同拆分口径。绿化率70%，均价10-13万/㎡。典型豪宅别墅区，非普通住宅小区。"
147,美伦公寓,南山区,招商街道,海上世界,12/2/8,152.1,14177,混合,2008,190套公寓＋56间酒店客房,未知（北侧多层公寓＋中部联排复式公寓群＋南部酒店）,未知（服务式公寓，含联排复式）,未知,无,单一来源,全称'招商美伦公寓'，蛇口工业二路与工业三路之间、沿山路西侧（兰溪谷旁），开发商深圳招商房地产。宗地面积13198.22㎡（与本条14177㎡吻合），土地用途为居住用地，但产品定位为精品酒店＋高档服务式公寓（190套公寓＋56间客房77床位），容积率≤1.37。因此不是普通住宅小区，判为混合。总建面25142㎡，状态已售罄。产权年限、具体户型面积未查到。
148,泰格公寓,南山区,招商街道,海上世界,12/2/8,51.1,11839,商务公寓,2004,未知,未知,未知（服务式公寓）,未知,无,单一来源,仅摘要级信息：深圳蛇口泰格公寓2004年底建成，获USGBC LEED银级认证、列入建设部2005年科技综合示范项目；目前以'深圳泰格壹棠服务公寓'（招商伊敦旗下）形态运营，属服务式公寓/租赁为主，非可自由买卖的70年产权住宅小区。总户数、栋数、户型面积、产权年限均未找到可靠来源；房产平台（贝壳/乐有家）未见其小区详情页，进一步印证非普通商品住宅。
149,半山海景·兰溪谷 3期,南山区,招商街道,海上世界,12/2/8,178.3,6385,住宅小区,未知（推测2007年之后）,未知,未知,未知（推测大户型，同片区为170-400㎡）,未知,无,推测,公开资料（百度百科、咚咚、乐有家、安居客）只有兰溪谷一期(2004)与二期(2007)，没有任何'三期'条目。本条OSM占地仅6385㎡且紧贴二期地块（id144，中心点相距约100m），高度怀疑是二期内部的一个子地块或民间俗称，被OSM单独标为'3期'。判定依据仅为区位与相邻地块常识，未有独立来源，需实地/产权核实。
150,招商海月花园二期,南山区,招商街道,海月,2/8,15.6,85598,住宅小区,2002-2004（乐有家记2002，百科/焦点记2004）,1211,28-32（口径不一，乐有家/百科记32栋）,在售以235-302㎡大平层/多房为主；全盘按1211户÷建面约19万㎡计均值约150㎡,是,无,确认,占地86723㎡与本条OSM 85598㎡高度吻合，可确认对应关系。后海滨路（海月路）与工业八路交汇，招商物业，容积率1.95，绿化率55%，普通住宅70年产权。均价约8-10万/㎡。
151,招商海月花园五期,南山区,招商街道,海月,2/8,73.6,28756,住宅小区,2009,约647,5,3房142-160㎡；5房153-192㎡,是,无,单一来源,月华路与海月路交汇处（后海）。建面7.62万㎡、车位504、绿化率35%、物业费3.3-3.8元/㎡、均价约11万/㎡。海月花园分一/二/三/五期（无四期），本条为五期，与其他期数据不可混用。
152,招商海月花园三期,南山区,招商街道,海月,2/8,199.1,28601,混合,2005（2004年10月开盘）,约528,7（咚咚/摘要口径）,3房约118㎡；5房约208㎡,是,无,确认,后海大道与工业七路交汇处，招商地产开发，建面约17万㎡、容积率2.46、绿化率67%。乐有家标注物业用途为'住宅｜写字楼｜商铺'，即含写字楼部分，故判为混合（住宅仍为主体，70年产权商品房）。
153,天骄华庭,南山区,招商街道,海月,2/8,23.8,24398,住宅小区,2004,426-526（口径冲突，乐有家记约472）,5-7（口径冲突，乐有家记5栋，另有6/7/15栋说法）,大户型225-260㎡为主，另有40-205㎡多种面积段,是,未知,单一来源,后海滨路与工业八路交汇处西南（工业八路123号），开发商深圳市兰江房地产，荷兰罗伯特物业。容积率5.37（偏高）、绿化率35%、车位438、建面8.06万㎡。各平台户数/栋数差异大（426/472/526户；5/6/7/15栋），已如实标区间。存在40㎡等小面积单位，可能含公寓型单位，大户型为主但非全部。
154,30栋,南山区,招商街道,海月,2/8,141.7,733,住宅小区,1999（推测，随海月花园一期）,未知,1（单体楼）,未知（推测2房72㎡／3房96-108㎡）,否,未知,推测,OSM以纯楼栋号命名的单体住宅楼，占地仅733㎡。位于海月站旁、招商海月花园二期与天骄华庭之间。招商海月花园一期共33栋（5栋电梯房＋28栋楼梯房）、1124户、1999年建成、主力72-108㎡，楼栋编号覆盖到30栋以上，且约730㎡的占地正符合多层楼梯房单体，故推测本条为招商海月花园一期内的30栋。仅为区位＋编号＋占地推理，无直接来源，不能作为独立小区计数（与id155/156/157同属一组，且可能与id150二期地块重复统计）。
155,32栋,南山区,招商街道,海月,2/8,68.5,732,住宅小区,1999（推测，随海月花园一期）,未知,1（单体楼）,未知（推测2房72㎡／3房96-108㎡）,否,未知,推测,同id154：OSM纯楼栋号单体楼（占地732㎡），推测为招商海月花园一期32栋（一期共33栋、1124户、1999年）。无直接来源，属推理；与id154/156/157同组，勿重复计为独立小区。
156,31栋,南山区,招商街道,海月,2/8,103.4,732,住宅小区,1999（推测，随海月花园一期）,未知,1（单体楼）,未知（推测2房72㎡／3房96-108㎡）,否,未知,推测,同id154：OSM纯楼栋号单体楼（占地732㎡），推测为招商海月花园一期31栋。无直接来源，属推理；与id154/155/157同组。
157,29栋,南山区,招商街道,海月,2/8,187.4,732,住宅小区,1999（推测，随海月花园一期）,未知,1（单体楼）,未知（推测2房72㎡／3房96-108㎡）,否,未知,推测,同id154：OSM纯楼栋号单体楼（占地732㎡），推测为招商海月花园一期29栋。无直接来源，属推理；与id154/155/156同组。
158,水湾小区,南山区,招商街道,花果山,12,190.5,8448,混合,1989（乐有家口径，与6栋692户存在矛盾）,约692（存疑）,6（存疑）,3房90-113㎡,否,未知,单一来源,"乐有家'水湾小区'：蛇口太子路与荔园路交汇处，1989年建成，6栋约692户，98/90/113㎡三房，开发商深圳市又一居房地产，物业用途标注'住宅｜工业'、产权性质标注'商品房｜经济适用房｜自建房（集资房）'——即混合了集资房/自建房成分，故判为混合。口径存疑：1989年建成的6栋要容纳692户需高层塔楼，与年代不符，且本条OSM占地仅8448㎡、坐标(22.4945,113.9142)比太子路×荔园路偏北约200m，不排除OSM所指为'水湾'片区另一处房屋群（如水湾一村/水湾头自建房）。建议实地核实。"
159,安南花园小区,南山区,招商街道,花果山,12,200.0,3328,不确定,未知,未知,未知,未知,未知,未知,推测,查无此小区：贝壳、乐有家、安居客、房天下、咚咚均未收录'安南花园'（深圳南山/蛇口）；必应、DuckDuckGo（触发验证码）亦无有效结果，本次会话WebSearch额度已用尽，未能进一步交叉验证。本条OSM占地仅3328㎡、位于花果山站(12号线)边缘200m整，与id160'众德汇爱心家园'相距约50m，推测同为蛇口老城区一处小型自建房/老旧宿舍类院落的民间俗称，而非在售商品住宅小区。所有字段均按'未知'处理，不做任何推断填数。
160,众德汇爱心家园,南山区,招商街道,花果山,12,166.3,1245,不确定,未知,未知,未知,未知,未知,未知,推测,查无资料：名称含'爱心家园'，通常指公益/助残/养老/救助类机构用房，而非商品住宅小区；房产平台无任何收录，必应/DuckDuckGo无有效结果（DDG触发验证码），WebSearch额度已耗尽。OSM占地仅1245㎡。判定为疑似非住宅（公益机构或福利性用房）被误纳入住宅性用地清单，建议从住宅清单中剔除或人工复核。不填任何推断数字。
161,顾家青年公寓,南山区,招商街道,花果山,12,38.5,1160,不确定,未知,未知,1（OSM为单体楼，占地1160㎡）,未知（青年公寓通常为单间/一房小户型）,否,未知,推测,查无资料：房产平台（贝壳/乐有家/安居客/房天下）无'顾家青年公寓'条目，搜索引擎无有效结果，WebSearch额度已耗尽。src=楼栋、占地仅1160㎡，属单体楼。'青年公寓'在深圳一般为品牌长租公寓或改造宿舍（只租不售、无产权交易、不带学位），因此几乎可以排除'70年产权普通住宅小区'，但无法确认是商务公寓还是宿舍改造，故 type 记为不确定。large_unit 填'否'依据为青年公寓产品形态常识（推测）。
162,鲸山别墅,南山区,招商街道,蛇口港,12/2/8,199.3,233979,住宅小区,1986年起分期开发（1-8期），九期(鲸山觐海)2014年竣工,未知（1-8期招商自持只租不卖；九期369套住宅）,未知（九期25栋；乐有家'鲸山别墅'条目仅记14栋14户，为局部口径）,独栋/联排别墅及大平层，普遍300㎡以上,是,无,单一来源,招商局开发的蛇口顶级别墅区，1986年起开发至八期，1-8期由招商自持、只租不卖（无房本可售），仅九期'鲸山觐海'(2014年竣工、25栋、369套)对外销售。本条OSM占地23.4万㎡符合整片别墅区范围。因1-8期不可售，各平台户数/栋数口径混乱（乐有家'鲸山别墅'只列14栋14户），故总户数按未知处理。自带鲸山美伦会所。
163,招商玺家园,南山区,招商街道,蛇口港,12/2/8,166.0,42910,住宅小区,2024,604-1200（口径冲突：一期规划604户/预推608套；乐有家整体约1200户）,5,3房126-127㎡（536套）＋5房425㎡（68套）,是,无,确认,招商蛇口太子湾片区70年产权商品住宅（非安居房/人才房），望海路与居海路交汇处东南角、蛇口港站C口步行约170m。总用地51656.15㎡（本条OSM 42910㎡为其中一块）、建面17.23万㎡、容积率2.29、车位1219、物业费13.2-13.5元/㎡、均价约16.9万/㎡（招商局物业）。项目曾由2期调整为3期开发，故户数口径604→1200存在分期差异。仅有126㎡和425㎡两种户型，全部≥120㎡，属纯大户型盘。
164,前海宸湾,南山区,招商街道,赤湾,2/5/8,19.7,10533,混合,2023-2024（首批2023年6月，2024年12月交楼完成）,260,3（2栋住宅＋1栋写字楼/酒店）,3房109-111㎡、4房121-143㎡,部分,无,单一来源,南山区招商街道港航路66号，2/5号线赤湾站B出口旁（蛇口国际海洋城）。住宅部分为70年产权商品房，非人才房/安居房；地块同时含1栋约200m的办公＋酒店，故判为混合。开发商深圳市壮大新鸿湾实业、深圳蛇口赤湾实业股份。占地约1.28万㎡（与本条10533㎡接近）。来源多为搜狐/焦点楼盘推文（含软广性质），仅摘要级可信；'建筑面积约146万㎡'一说明显为笔误，不采信。
165,朗麓家园,南山区,桃源街道,塘朗,5,95.8,153141,安居房人才房,2015（2015年7月开盘，2015年12月下旬交房）,3825（全项目；焦点网记D区3000多户）,12（D区；另有平台记4栋730户为局部口径）,1房32㎡、2房53-54㎡、3房84-87㎡,否,无（保障性住房：公租房＋人才房）,确认,"备案名'塘朗车辆段项目'，5号线塘朗站上盖保障性住房，位于塘朗山北侧、留仙大道与南坪快速路之间，毗邻大学城。深圳地铁集团开发、深圳地铁物业管理。建面33.3万㎡、住宅面积25.3万㎡、3825套；焦点网标物业类型'公租房'、产权70年、物业费2.88元/㎡，2017年租金23.1元/㎡·月；深圳安居网标'人才房'——两种口径均属保障房体系。户型全部≤87㎡，无大户型。链家条目'4栋730户'坐标(114.0022,22.5925)与本条(113.9923,22.5899)不同，疑为项目内某一区或另一登记单元，不采用为全盘数据。"
166,华晖云门,南山区,桃源街道,塘朗,5,62.3,23796,住宅小区,2015,1176,5,2-4房 71-142㎡（3房为主）,部分,无,确认,别名/曾用名「科大雅苑」；留仙大道北侧、5号线塘朗站旁，毗邻南科大。纯商品住宅（非商务公寓），占地约22670㎡与OSM 23796㎡吻合，建面约12.5万㎡、容积率5.5、车位约1176个。交房年份有2015与2016两说；总户数1176套（另一源记总房源1104）。
167,弘基朗寓,南山区,桃源街道,塘朗,5,78.4,2798,商务公寓,2018,217,1,1房34-50㎡为主（全盘35-98㎡ 1-3房）,否,无,确认,Q房网登记名「弘基翰林大厦」（别名弘基朗寓/弘基翰林九锡），物业用途=商住/写字楼，产权40年，明确为「小面积品质商务公寓」，不带学位。塘朗站C口东侧，占地8269㎡、建面85648㎡、15层、容积率7.5。建成年代Q房网记2018年，2021年10月才开盘销售。OSM占地2798㎡仅为塔楼投影，小于实际用地。
168,远洋天著,南山区,桃源街道,大学城,5,96.4,36614,混合,2021,1542,7,3-4房 98-162㎡（105/115/118㎡为主力）,是,有回迁房,确认,全称「远洋天著华府」，留仙大道与丽山路交汇处北侧、5号线大学城站旁。项目由众冠红花岭工业区城市更新（旧改）而来，分东西两区，东区主要用于回迁安置——即商品房+回迁房混合。乐有家与Q房网均记1542户。
169,众冠时代广场,南山区,桃源街道,大学城,5,35.3,1077,写字楼商业,未知,600,1,1室0厅约50㎡（商住公寓型单位）,否,未知,单一来源,Q房网物业用途=商铺/商住/写字楼，别名「众冠时代广场写字楼」，地址为留仙大道北侧地铁5号线大学城站D出口尚美国际，容积率7.38，用水用电均为商水商电。项目定位是西丽片区首个集购物/餐饮/文化/娱乐/办公/酒店的大型综合体（南山区「十二五」工程），占地约7万㎡、总建面45万㎡。因此OSM把它收进「住宅性用地」属误判：至多含商住公寓单位（约50㎡一房），不是70年产权住宅小区。建成年代未查到。
170,桃源村二期,南山区,桃源街道,桃源村,7,12.3,92478,住宅小区,1999-2000,3750,35,3房78-93㎡为主（另有128㎡的5房）,否,无,确认,桃源村分三期（一期1997年竣工、二期1999/2000年、三期2008年）。二期栋数两源一致35栋，户数乐有家3750户/Q房网3775户。片区资料（Q房网润城花园简介）称桃源村、龙辉花园为「政府大型微利住宅区」——属早期政府微利商品房，不是回迁房或现行安居房。紧贴7号线桃源村站（OSM 12m）。
171,俊峰丽舍,南山区,桃源街道,桃源村,7,13.7,48045,住宅小区,2004,1239-1250,5,3-4房 98-128㎡为主（另有77㎡两房）,部分,无,确认,全称「俊峰丽舍花园」，别名「都市金堡名苑」，龙珠七路43号，距7号线桃源村站约168米。乐有家明确产权年限70年（商品房），物业类型「住宅/商铺/车位」；乐有家概览处曾误标「物业类型为公寓」，以产权栏为准。户数乐有家1239户 / Q房网1250户。
172,水木华庭小区,南山区,桃源街道,桃源村,7,158.0,23278,住宅小区,2002-2003,403,5,三房及四房以上为主（塔楼，面积段未查到）,部分,无,单一来源,龙珠六路33号、桃源社区，7号线桃源村站附近。数据仅来自搜索结果摘要（仅摘要）：建成2002-2003年、住宅总套数403、楼栋5栋塔楼、容积率1.97、绿化率28.6%、车位233个。链家页面有验证码打不开、Q房网与房天下未收录该小区名，故未能取得第二个可独立打开的来源。
173,中爱花园,南山区,桃源街道,桃源村,7,101.7,21576,住宅小区,2003-2005,812-874,9,1房44-53㎡/2房54-82㎡/3房99-113㎡，另有少量复式,否,无,确认,龙珠七路40号（龙珠大道东、桃源村北），距7号线桃源村站约272米，南门150米即C出口。九座2-15层小高层，首层架空层泛会所；70年产权。户数乐有家874户 / Q房网812户；乐有家记2004年建成、Q房网记2003-2005年。物业用途含商铺/写字楼（裙楼），住宅部分为普通住宅、以中小户型为主。
174,郁金香家园,南山区,桃源街道,桃源村,7,18.1,14648,住宅小区,2004,268-272,4,2-3房 65-99㎡（2房65-72㎡、3房75-95㎡）,否,无,确认,龙珠六路32号（龙珠大道与龙珠六路交汇处），Q房网记别名「挪威森林」。4栋7个单元塔楼连体，纯住宅+商铺，使用年限70年，开发商广森集团。户数乐有家268户 / Q房网272户；建成年份乐有家记2004、Q房网记2001-2005。距7号线桃源村站约150-250米。
175,佳兆业·香瑞园,南山区,桃源街道,深云,7,80.3,64813,住宅小区,2008,987-1032,11,南区2-3房77-125㎡；北区联排别墅260-300㎡、洋房168-180㎡四房,部分,无,确认,Q房网登记名「香瑞园」，龙珠大道10号（龙珠大道与南坪快速交汇处北侧），低密度（容积率1.8），佳兆业物业。11栋=3栋联排别墅+8栋12层小高层，分南北区。户数Q房网987户、其他源约1008-1032户；建成年份2008（部分源写2008-2009）。Q房网记占地21282㎡，OSM 64813㎡明显偏大，疑OSM面覆盖了南北两区及周边坡地绿地。
176,崇文花园,南山区,桃源街道,深大丽湖,7,158.6,103323,回迁房,2013-2014,4448,23,一/二/三房 30-108㎡（住建局口径另称含「大户型11栋」）,部分,整体回迁房,确认,权威源为深圳市住房和建设局官网页面，明确写「南山区政府开发建设的南科大和深圳（深大）新校区拆迁安置商住综合小区」，2013年12月竣工验收、2014年6月入住，共23栋（住宅19栋：公寓8栋+大户型11栋，另有文体中心、小学、幼儿园、办公楼各1栋），总套数4448套，建面549613㎡，常住及流动人口约1.5万人。位置：留仙大道北、学苑大道南、东临塘岭路、西临塘朗村。口径冲突：Q房网记建筑年代2011年、4359户、「建面30-108㎡以中小户型为主」，与住建局的「大户型11栋」表述矛盾，故 large_unit 记「部分」。
177,水木丹华,南山区,桃源街道,深大丽湖,7,121.8,18267,住宅小区,2014,1086-1543,6,87-89㎡三房为主，少量165-182㎡四房,否,无,确认,别名「水木丹华园」，开发商深圳市桑泰房地产，丽山路23号/学苑路南侧，距7号线深大丽湖站约185米。6栋31层，占地18003㎡（与OSM 18267㎡吻合），规划建面约15万㎡，2011年底开工、2014年初交房。总户数两源冲突：房天下/腾讯房产记1543户，Q房网记1086户，故给区间。主力为87-89㎡三房，因此 large_unit 记「否」（有少量165-182㎡四房）。
178,塘朗大厦,南山区,桃源街道,深大丽湖,7,177.9,985,不确定,2010,112,1,4房136-138㎡为主，另有110㎡三房、260㎡四房,是,未知,单一来源,学苑大道1233号，紧邻崇文花园（距南科大教育集团实验一小164米）、塘朗村一带。乐有家明确标注「产权性质：自建房（集资房）」、物业类型住宅、物业费2.0元/㎡，但建筑年代与户数为空；Q房网补上2010年建成、1栋、112户、物业用途「住宅/商住」。户型以136-260㎡四房为主，属典型村统建楼/单位集资建房格局，但没有权威文件确认到底是塘朗村统建楼还是单位集资房，故 type 记「不确定」、resettlement 记「未知」。OSM按单体楼录入，占地985㎡。
179,龙辉花园,南山区,桃源街道,珠光,7,15.1,92486,住宅小区,1998,3100,34,未知,未知,无,单一来源,房天下小区页：1998年建成、34栋、房屋总数3100户、板塔结合，地址桃源街道龙辉社区龙珠大道159号，开发商利联实业发展（深圳）有限公司，物业深圳市莲花物业。性质旁证：Q房网润城花园简介称「东邻政府大型微利住宅区桃源村、龙辉花园等」，即早期政府微利商品房，非回迁/安居房。主力户型未查到，留「未知」（不臆测）。房天下反爬后无法取第二个平台的独立小区页。
180,龙联花园,南山区,桃源街道,珠光,7,31.8,45709,住宅小区,1994,616,16,4房75-93㎡（4室2厅75.03㎡、4室1厅92.49/93㎡）,否,未知,单一来源,珠光路8号，距7号线珠光站约186-234米。Q房网：1994年建成、物业用途住宅/商铺、16栋40单元、616户、无电梯、容积率3.2、车位260个、物业费1元/㎡。多为一梯两户的7-8层楼梯房。房型虽标4房但面积仅75-93㎡，是珠光片区早期统建/微利房的典型格局；是否含村民统建或回迁成分未能查证，故 resettlement 记「未知」。仅Q房网单一来源（房天下已被反爬拦截、乐有家需登录）。
181,宝珠花园,南山区,桃源街道,珠光,7,159.3,42896,住宅小区,1997-2002,1172,12,2-4房 74/87/93/102/118㎡,部分,未知,单一来源,珠光路249号，分三期（一、二期一梯4户，三期一梯6户），距7号线珠光/茶光站约400-500米（OSM按最近出入口算159米）。Q房网：1997-2002年建成、住宅/商铺、12栋24单元、1172户、部分电梯房、容积率2.53、车位436个。裙楼曾进驻华润万家（见润城花园简介）。仅Q房网单一来源。
182,润城花园,南山区,桃源街道,珠光,7,107.8,29479,住宅小区,2004,690-716,8,2房82㎡、3房与4房（南北通透）,部分,无,单一来源,龙珠大道420号，2004年竣工，开发商深圳市城市建设开发（集团），物业深圳市城建物业。Q房网基本信息记8栋/690户，同页简介写「8栋、716户」，故给区间。绿化率40%、容积率2.4、车位504个，带会所/社区活动中心/泳池。地铁7号线珠光站距北门约300米。仅Q房网单一来源。
183,龙都花园,南山区,桃源街道,珠光,7,21.6,19610,住宅小区,1999,352,10,5室3厅216㎡（含复式）、5室1厅114㎡等大户型为主,是,未知,单一来源,龙珠大道364号（龙珠一路与珠光大道旁），距7号线珠光站约148米。Q房网：1999年建成、商铺/住宅、10栋19单元、352户、无电梯楼梯房、无地下车库、容积率2.8、物业费0.8-1.2元/㎡，物业方为「深圳市龙都投资发展有限公司」。在售户型以114-216㎡的五房/复式为主，属珠光片区自建/统建性质的可能性较大，但无法证实，resettlement 记「未知」。⚠️易混淆：同片区另有「龙都名园」（龙井路350号，2003年，3栋408户，55-91㎡两三房），不是同一小区。
184,珠光花半里,南山区,桃源街道,珠光,7,179.3,13354,住宅小区,1991-2007,342,2,2-4房 74-99㎡（2房73.93㎡、3房97.66㎡、4房99㎡）,否,未知,单一来源,Q房网登记名「珠光花半里欣苑」（别名花半里欣苑），珠光路126号，距7号线珠光站约264米。Q房网：1991-2007年分期建成、住宅/商铺、2栋9单元、342户、部分电梯房、容积率4.62。口径提示：OSM「珠光花半里」地块占地13354㎡，而Q房网只登记了「欣苑」这一个苑区（2栋342户），两者范围可能不一致——「花半里」在珠光片区应有多个苑。
185,林涧美院,南山区,桃源街道,茶光,7,176.1,4155,不确定,未知,未知,未知,未知,未知,未知,推测,查不到。Q房网、房天下、乐有家、安居客均无「林涧美院」这一小区条目。OSM记为地块、占地仅4155㎡、距7号线茶光站176米，位置在珠光村（西丽镇珠光村）范围内。推测为城中村内的小型自建/统建楼或未在二手房平台挂牌的小社区，也可能是OSM录入的开发商内部名/俗称。所有属性字段保留「未知」，不臆测。
186,珠光商住楼,南山区,桃源街道,茶光,7,77.3,1558,不确定,未知,未知,未知,未知,未知,未知,推测,查不到。名称本身像OSM录入的通用/俗称（「珠光」+「商住楼」），各主流房产平台无对应小区。OSM占地仅1558㎡，距7号线茶光站77米，位于珠光村范围内（同片区Q房网「半山语林公寓」简介即写「地处南山区西丽镇珠光村」）。深圳语境下「商住楼」多指村集体或早期商住混合楼，基本不是70年产权商品住宅小区，但无任何来源可确认，全部字段留「未知」。
187,汇城茗院,南山区,桃源街道,西丽湖,7,125.5,32106,住宅小区,未知,未知,未知,未知,未知,未知,单一来源,仅Q房网有条目：位置「西丽湖路与丽水路交汇处」、物业用途「住宅」、物业公司深圳市新润园物业发展有限公司，距7号线西丽湖站约125米（OSM）。但该页无建筑年代，简介全是「西丽湖国际科教城/大沙河创新走廊/留仙洞总部基地」式的新盘宣传口吻，疑为近年新建或在建项目。平台登记的「2栋/125户/地下500车位/容积率2.06」与OSM占地32106㎡自相矛盾（32106×2.06≈6.6万㎡建面不可能只有125户），故户数、栋数一律不采信、记「未知」。仅摘要级信息，需现场或预售许可文件核实。
188,西湖林语,南山区,桃源街道,西丽湖,7,34.8,23495,住宅小区,2006-2007,623,6,79㎡两房、110㎡三房、135㎡复式三房为主力（最大170㎡复式四房）,部分,无,单一来源,别名「西湖林语名苑」，丽山路16号（丽山路与丽水路交界），北临西丽湖、东邻深圳大学城，距7号线西丽湖站约35米（OSM）。Q房网：2006-2007年建成、住宅/商铺、6栋18层、14单元、623户、容积率2.8、车位650个；简介记占地27648.5㎡、建面77415㎡、含4000㎡社区商业。OSM占地23495㎡略小于官方占地。仅Q房网单一来源。
189,学城绿园,南山区,桃源街道,西丽湖,7,123.0,7293,住宅小区,2002,140,6,3-4房 96-98㎡（4室2厅97.86㎡、3室1厅96.74㎡、3室2厅97㎡）,部分,未知,单一来源,丽山路14号（丽山路与丽水路交汇处），紧邻大学城清华校区，距7号线西丽湖站约225米。Q房网：2002年建成、纯住宅、6栋10单元、140户、无电梯楼梯房、容积率2、车位仅50个。规模很小（OSM占地7293㎡）。户型清一色96-98㎡的三/四房，但面积未过120㎡，故 large_unit 记「部分」。仅Q房网单一来源。
190,荷园2,南山区,桃源街道,西丽湖,7,138.1,582,不确定,未知,未知,未知,未知,未知,未知,推测,查不到。OSM以单体楼录入的一组小楼（荷园1/2/4/5，占地各仅496-582㎡），位置在7号线西丽湖站东侧、学城绿园（丽山路14号）与西湖林语（丽山路16号）一带。Q房网、房天下、乐有家、安居客均无「荷园」小区条目，说明它不在二手房交易市场流通。推测为大学城/西丽湖片区的单位宿舍、教师公寓或私宅小楼，无法核实，全部字段留「未知」。荷园1/2/4/5应视为同一组建筑，勿当4个独立小区统计。
191,荷园1,南山区,桃源街道,西丽湖,7,171.4,582,不确定,未知,未知,未知,未知,未知,未知,推测,同 id190「荷园2」：OSM单体楼（占地582㎡），西丽湖站东侧。各主流房产平台均无「荷园」小区条目，无法核实性质、年代、户数。荷园1/2/4/5为同一名称群组，去重后应算1个居住组团。
192,荷园4,南山区,桃源街道,西丽湖,7,33.3,496,不确定,未知,未知,未知,未知,未知,未知,推测,同 id190「荷园2」：OSM单体楼（占地496㎡），距西丽湖站33米。各主流房产平台均无「荷园」小区条目，无法核实。荷园1/2/4/5为同一名称群组。
193,荷园5,南山区,桃源街道,西丽湖,7,47.4,496,不确定,未知,未知,未知,未知,未知,未知,推测,同 id190「荷园2」：OSM单体楼（占地496㎡），距西丽湖站47米。各主流房产平台均无「荷园」小区条目，无法核实。荷园1/2/4/5为同一名称群组。
194,京基·御景峯一期,南山区,桃源街道,长岭陂,5,92.1,35478,混合,2015-2021,3969,未知,未知,未知,未知,单一来源,Q房网只有「京基御景峯」整体条目、不分一/二期：物业用途「商住/住宅/写字楼」，建筑年代2015-2021年（简介称2020年竣工），总户数3969、容积率7.74、车位3427个，开发商深圳市京基房地产，位置为留仙大道长岭陂地铁站A1出口（距5号线长岭陂站约234米）。简介写「高层商品房住宅公寓，住宅产权为70年」——即该项目住宅（70年）与商务公寓/写字楼混存，故 type 记「混合」。⚠️口径警告：3969户是全项目数字，不等于OSM「一期」这块35478㎡地块的户数；栋数、主力户型未取到。
195,汉园茗院A区,南山区,桃源街道,长岭陂,5,47.7,21189,混合,未知,未知,3,未知,未知,有回迁房,单一来源,Q房网条目引用了规划口径：位于留仙大道以东、长岭一号路以北，开发商深圳市汉园房地产开发有限公司，用地性质二类居住用地，用地面积约2.0万㎡（与OSM 21189㎡吻合），建筑面积约11.6万㎡，其中住宅10.8万㎡（含2.4万㎡保障性住房）、商业4650㎡、9班幼儿园2400㎡。因此是商品住宅+配建保障性住房（安居/人才房性质）的混合项目，resettlement 按「有回迁房/保障房配建」计——严格说是保障性住房配建而非旧改回迁，详见此注。距5号线长岭陂站约268米。无建筑年代，容积率6.58，疑为近年新建/在建；Q房网「总户数5」显系脏数据，不采信。
196,京基·御领公馆,南山区,桃源街道,长岭陂,5,97.3,14460,不确定,未知,未知,未知,未知,未知,未知,推测,查不到独立小区数据。Q房网、房天下、乐有家均无「京基御领公馆」条目。间接证据：Q房网「京基御景峯」页面的周边公交列表中有「御领公馆公交首末站」，说明「御领公馆」是长岭陂当地地名/项目名，与京基御景峯（距5号线长岭陂站约234米）紧邻；OSM该地块占地14460㎡，与御景峯一期（35478㎡）相邻。推测为京基御景峯项目的公寓/商办组成部分（「公馆」在深圳常用于商务公寓命名），但产权性质、户数、栋数、年代均无法核实，一律留「未知」。
197,怡然天地居,南山区,桃源街道,龙井,7,71.2,15148,混合,2002-2004,204,4,1-3房 50-93㎡（2房67㎡、3房88㎡）,否,未知,单一来源,龙珠四路337号（龙珠大道与龙珠四路交汇处），距7号线龙井站约120米。Q房网「怡然天地居」：2002-2004年、纯住宅、4栋10单元、204户、容积率1.13、绿化率50%、车位160个；简介写「分两期开发，一期也叫十九冶，于2004年建成，小区分为八栋楼，户型50-93㎡的一至三房」。同片区Q房网另有独立条目「十九冶新村（别名怡然天地居）」：4栋7单元90户、2002-2004年、无电梯，地址同为龙珠大道与龙珠四路337号——即一期为中国十九冶单位建房（单位新村）性质，与商品住宅并存，故 type 记「混合」；是否有回迁成分未查到。两条Q房网记录同源，实质仍属单一平台来源。
198,鼎胜山邻,南山区,桃源街道,龙井,7,106.7,3095,住宅小区,2001-2011,192,1-2,2-3房 46-79㎡（2室47.32㎡、3室78-79㎡）,否,无,单一来源,Q房网登记名「鼎胜山邻居」，地址龙珠大道69号对面（工商管理学院旁），距7号线龙井站约300米。Q房网：建筑年代2001-2011年（跨度大，可能含分期）、住宅/商铺、基本信息记1栋2单元、简介记「分为2栋楼、两梯八户」、192户、容积率2.4、车位172个、保利物业。简介明确「是普通住宅小区」。规模很小（OSM占地3095㎡）。仅Q房网单一来源。
199,世界花园海华居,南山区,沙河街道,世界之窗,1/2/8,194.1,16673,住宅小区,2002,608-617,5（单元；另有资料称30栋）,3-5房 146-202㎡（146/159/160/202㎡）,是,无,确认,世界花园最后一期、大户型组团，侨城西街9号，万科物业，有沙河小学学位。户数口径：Q房网608户/链家617户/百度百科582户。
200,世界花园樱花居,南山区,沙河街道,世界之窗,1/2/8,94.0,14475,住宅小区,1996,295-333,9（乐有家/链家）；Q房网记21单元,3房 94-109㎡（另有159㎡）,否,无,确认,侨城西街9号，世界花园早期组团，世界花园物业。栋数/户数两源不一致（9栋333户 vs 21单元295户）。
201,深业鹤塘岭花园,南山区,沙河街道,世界之窗,1/2/8,84.5,14362,混合,2020,875（首批备案436套中住宅226+商务公寓210）,2（北塔+南塔）,住宅 3-4房 87-165㎡；商务公寓 68-84㎡,部分,未知,确认,"金河路49号（世界之窗旁），深业沙河（集团）开发的城市更新项目，占地13264.65㎡、建面158191㎡、容积率8.54，住宅+商务公寓+商业办公混合，住宅与公寓分处2栋不同单元，产权年限不同需甄别。媒体称""白石洲旧改启幕之作""，但未见公开回迁房安排信息。"
202,世界花园雅兰居,南山区,沙河街道,世界之窗,1/2/8,85.2,12437,住宅小区,1996,259,5（乐有家/链家）；Q房网记13单元,3房 90-113㎡（另有147㎡）,部分,无,确认,沙河街道金河路/侨城西街9号，世界花园组团之一。
203,世界花园聚龙居,南山区,沙河街道,世界之窗,1/2/8,136.1,7290,住宅小区,未知（世界花园整体1996-2002）,未知,未知,未知,未知,无,推测,"Q房网/乐有家/链家/安居客均查无""聚龙居""独立条目（可检索到的世界花园组团为海华居、樱花居、雅兰居、米兰居）。疑为OSM沿用的旧名/内部名。仅能确认位于世界花园大院内（世界花园整体1996年建、占地约155486㎡、约2200户）。所有字段均为推测，未编造具体数字。"
204,锦绣花园,南山区,沙河街道,侨城东,1,5.4,114598,住宅小区,1997-2003（一期1997/二期1999/三期2003）,约2024（一期768+二期732+三期524）；OSM面片可能仅覆盖一二期,一期3+二期6+三期4（单元）,3房 114-120㎡ / 4-5房 148-245㎡,是,无,确认,深南大道9002号，华侨城地产开发，华侨城小学+华侨城中学学位。乐有家记一期792户/3栋/占地45320㎡，与Q房网768户接近。注意深圳另有宝安锦绣花园，非同一小区。
205,天鹅湖花园三期,南山区,沙河街道,侨城北,2/8,32.0,38423,住宅小区,2019-2020,1116-1164,4,4房 122-123㎡为主（110-123㎡）,是,无,确认,"即""新天鹅堡三期""，华侨城地产开发，侨香路与香山东路交汇，南山第二实验学校（小学部）学位。户数两源略异（乐有家1116/Q房网1164）。"
206,华山村住宅区,南山区,沙河街道,侨城北,2/8,123.4,23291,宿舍单位房,1990,598,5（单元）,可查户型样本仅见 1房 40㎡,否,未知,单一来源,"香山东街15号，华侨城房地产开发、华侨城物业，有华侨城小学学位。Q房网性质栏标""住宅""，但均价仅约2.9万/㎡（华侨城片区普遍7万+），在售/在租户型只见40㎡一房，判断为华侨城早期职工村/宿舍性质住宅，产权与红本情况需实地核实。仅Q房网一处数据。"
207,燕晗山居,南山区,沙河街道,侨城北,2/8,123.4,12320,住宅小区,1990-2012（另有资料称1999）,32（链家称14户）,5（Q房网记12单元）,4-8房 290-320㎡ 叠墅/别墅,是,无,确认,"香山东街13号，华侨城房地产开发的低密纯叠墅项目，均价约24.5万/㎡。建成年份与户数各源差异大（Q房网1990-2012/32户；链家1999年/14户/5栋）。与""燕晗山苑""（41层240户高层）是不同项目。"
208,燕晗花园,南山区,沙河街道,侨城北,2/8,4.1,10550,住宅小区,2001（一说2001-2006）,396,3,3房 118-148㎡,是,无,确认,"香山东街12号，华侨城房地产开发，Q房网别名""燕栖楼""，有华侨城小学学位，均价约12.8万/㎡。与""燕晗山苑""（240户高层）勿混淆。"
209,中旅广场,南山区,沙河街道,华侨城,1,147.7,52607,住宅小区,1992-1998,1218,10（单元）,2-3房 75-118㎡（含38㎡单房、124㎡四房）,否,无,单一来源,"兴隆西街11号，华侨城房地产开发、华侨城物业，有华侨城小学+华侨城中学学位——名为""广场""实为住宅。含38.57㎡单身公寓型户型。"
210,光华街社区,南山区,沙河街道,华侨城,1,193.4,52075,住宅小区,1983,590-767（乐有家590/Q房网767，口径不一）,59（单元）,2-3房 52-100㎡（少量155㎡）,否,无,确认,"即""光华街住宅区/光华街""，光华街1号/44号，华侨城最早期（1983年）职工住宅，现为有学位的商品房，华侨城物业，均价约5.4-6.7万/㎡。乐有家记占地24880㎡，小于OSM面片52075㎡（OSM面可能含相邻地块）。"
211,光侨小区,南山区,沙河街道,华侨城,1,138.5,28706,住宅小区,1980（存疑）,468,40（单元）,2-3房 52-85㎡,否,无,单一来源,"Q房网条目名""光侨街""，地址光侨街（锦绣中华斜对面），华侨城集团开发，有华侨城小学学位，距华侨城站约144米（与OSM 138.5米吻合）。建成年份标1980与华侨城1985年成立的时序矛盾，实际可能为1980年代中后期，年份仅供参考。"
212,白石洲,南山区,沙河街道,白石洲,1,142.4,245570,城中村改造,原农民房约1991-1995；旧改重建部分2026年起交付,未知（原村自建房为主；旧改总规划建面约500万㎡，一期住宅1257套）,未知,旧改一期住宅 3-4房 110-187㎡（原农民房为自建楼）,未知,有回迁房,确认,"OSM面片对应白石洲旧村（沙河五村片区，深南大道以北、沙河东路以东），不是商品房小区。Q房网有""上白石村农民房""（1991年建）、""下白石村农民房""（1995年建）条目，性质栏为""其他""。全村整体拆迁重建，绿景操盘，分四期，含大量回迁安置房；一期""绿景白石洲·璟庭""1257套住宅原定2025年底交付，实际延期至2026年2月入伙。"
213,祥祺花园,南山区,沙河街道,白石洲,1,77.4,28118,住宅小区,1996-1997,480,40（单元）,3房 93-96㎡,否,无,单一来源,"Q房网正名""祥祺苑（祥祺花园）""，沙祥街6号，白石洲片区，祥祺房地产开发，有沙河小学学位，均价约7.2万/㎡。"
214,汇雅苑,南山区,沙河街道,白石洲,1,194.9,23025,住宅小区,1998,172,11（单元）,3房 94-96㎡ + 4-5房 142-178㎡,部分,无,单一来源,"石洲北街16号，深圳南油房地产开发，Q房网归""红树湾""片区（OSM归白石洲站，位置一致）。"
215,中海深圳湾畔花园,南山区,沙河街道,白石洲,1,4.3,20975,住宅小区,2003,1293,8（单元）,3房 99-122㎡为主（另2房74㎡、4房138㎡）,部分,无,单一来源,"Q房网正名""深圳湾畔花园（中海深圳湾畔花园/湾畔花园）""，沙河东路186号，中海地产开发、中海物业，有沙河小学学位，距白石洲站约97米。"
216,深圳湾花园,南山区,沙河街道,白石洲,1,131.2,19044,住宅小区,1996,约385（一期245+二期140）,9（一期4单元+二期5单元）,一期 5-6房 186-232㎡；二期 3-4房 85-115㎡,部分,无,单一来源,"沙河东路188号，祥祺房地产开发。Q房网分两条目：一期""盛德苑""（245户，大户型）、二期""鹏飞苑""（140户，中小户型）；OSM单一面片对应一二期整体。"
217,侨城豪苑一期,南山区,沙河街道,白石洲,1,139.5,10103,住宅小区,2002-2003,619,4（单元）,2-3房 66-105㎡（另4房190㎡）,否,无,单一来源,"Q房网别名""侨苑""，沙河街17号，祥祺房地产开发、中海物业，有沙河小学学位。二期（绿悠园/侨苑公寓，新中路9号，2003年建）为另一条目，勿混淆。"
218,信鹏大楼,南山区,沙河街道,白石洲,1,158.0,2562,住宅小区,2011,30,1（3单元）,3房 142㎡,是,无,单一来源,"Q房网正名""信鹏大厦（信鹏大楼）""，沙河东路114号，性质栏标住宅，仅30户的单体楼（OSM面积2562㎡与单体楼吻合）。无学位信息披露，产权性质建议进一步核实。"
219,中信红树湾,南山区,沙河街道,红树湾,2/8,72.6,159710,住宅小区,2005,733,42（单元，含别墅）,3房 126㎡、4房 156㎡为主；另有174-379㎡大平层及别墅,是,无,单一来源,"Q房网别名""中信红树湾花城/中信花城""，白石二道7号，性质""住宅/别墅""，海滨实验小学（深圳湾部）+华侨城中学学位，均价约15.9万/㎡。Q房网开发商字段填""深圳中海红树湾房地产有限公司""，与项目名""中信""不符，该字段存疑，未采信。"
220,红树西岸,南山区,沙河街道,红树湾,2/8,191.7,77794,住宅小区,2005-2006,1364,29（单元）,2房 117㎡、3房 146-196㎡、4房 190-267㎡（顶层至520㎡）,是,无,单一来源,"Q房网别名""百仕达红树西岸/红树西岸花园""，深湾一路3号，百仕达实业开发，海滨实验小学（深圳湾部）学位，均价约18.1万/㎡。全部在售户型≥116㎡。"
221,2栋2单元,南山区,粤海街道,人才公园,13,171.4,1204,商务公寓,2022,260（恒裕深圳湾一期整体）,该栋52层；同组团另有2栋1单元61层、1栋62层（办公）,4-5房 340-582㎡ 大平层,是,无,确认,"OSM只给了楼栋编号。经点在多边形判定，该楼（OSM way 1190750264，building=apartments，52层）落在OSM""恒裕深圳湾""地块面（way 246622753）内，位于后海滨路与创业路交汇处东北角。Q房网""恒裕深圳湾一期""记2022年建、性质""商住/写字楼""、无学位、恒裕实业开发、260户、户型340-582㎡——按商办性质的商务公寓处理，不是70年产权住宅小区。"
222,保利城花园,南山区,粤海街道,南山书城,9,0.0,16292,住宅小区,2001-2002,498,8（单元）,2房 80㎡、3房 109-116㎡（另5房170-208㎡）,部分,无,单一来源,Q房网归南山中心区（与OSM南山书城站一致），保利城实业开发、保利物业。
223,青春家园,南山区,粤海街道,南山书城,9,18.3,8648,住宅小区,2002,538,3（单元）,1房48㎡、2房67-75㎡、3房84-104㎡,否,无,单一来源,南海大道2718号，时代财富实业开发，有学府二小+学府中学学位——故为70年产权住宅而非商务公寓，尽管户型偏小（48-104㎡）。距南山书城站约120米。
224,天悦园,南山区,粤海街道,南山书城,9,121.1,8172,住宅小区,2002,247,2（单元）,3房 126㎡、4房 148-150㎡（另211㎡）,是,无,单一来源,"Q房网别名""天悦园花园""，南山中心区，金碧湾投资发展开发。户型整体≥126㎡，大户型为主。"
225,金海岸大厦,南山区,粤海街道,南山书城,9,186.3,7181,住宅小区,2002-2003,910,2（单元）,1房 21-43㎡、2房 46-64㎡（少量3房56㎡）,否,无,单一来源,"创业路9号，东山开发建设，Q房网性质栏标""住宅""且有南油小学+学府中学学位，故按住宅认定；但910户挤在7181㎡地块、户型集中在21-45㎡单身/小两房，实际使用形态接近公寓，购买前需查产权年限。Q房网记距南山书城站约460米，与OSM 186米有差异（出入口口径不同）。"
226,华彩天成,南山区,粤海街道,南山书城,9,108.1,5661,住宅小区,2004,220,4（单元）,3房 113-120㎡、4房 137㎡（另191-211㎡）,是,无,单一来源,"Q房网正名""华彩天成居""，别名""华彩天城""，南山中心区，盛涛工程实业开发。户型整体≥113㎡。"
227,金钟大厦,南山区,粤海街道,南山书城,9,20.4,4866,住宅小区,2003,421,1（Q房网记1单元，与OSM 4866㎡单体楼吻合）,1房 20-39㎡、2房 67-71㎡,否,无,单一来源,"文心一路99号，恒惠房地产开发，Q房网标""住宅""且有学府二小+学府中学学位，故按住宅认定（名为""大厦""不等于商办）；但以36-40㎡一房、67-71㎡两房为主，居住形态偏小户型。距南山书城站约120米。"
228,南油生活区,南山区,粤海街道,南油,12/9,52.4,152973,宿舍单位房,1985-1993,约7300（A区618 + B区6705）,149（A区65单元 + B区84单元）,A区 3房 79-115㎡；B区 1房 29-40㎡（占绝大多数）,否,无,确认,登良路14-10号，深圳市南油（集团）/南油实业开发的老南油生活区，OSM单一面片覆盖A、B两区。B区6705户几乎全为29-40㎡单房，宿舍属性明显；A区为3房职工住宅。均价A区约5.1万、B区约8.1万/㎡，有南油小学+北师大南山附校学位。属单位职工生活区转商品房，非旧改回迁。
229,龙城花园,南山区,粤海街道,南油,12/9,46.6,31377,住宅小区,1986,598,33（单元）,2房 55-57㎡、2-3房 84-95㎡（少量110㎡）,否,无,单一来源,"登良路18号，南油片区1986年老小区，有南油小学+北师大南山附校学位。Q房网开发商字段填""深圳市龙城物业管理有限公司""，疑为物业公司误填，未采信。"
230,信和自由广场,南山区,粤海街道,南油,12/9,136.9,22928,住宅小区,2006,1128,7（单元）,2房 67-72㎡、3房 87-95㎡（另1房42-52㎡、5房139㎡）,否,无,单一来源,"南海大道2088号，信和（集团）开发，Q房网别名""听涛花园""，性质栏标""住宅""且有南油小学+北师大南山附校学位——名含""广场""但不是商务公寓。"
231,雅仕荔景苑,南山区,粤海街道,南油,12/9,0.4,9756,住宅小区,2003,676,3（单元）,1房 36-42㎡、2房 48-66㎡、3房 86-97㎡（另4房122㎡）,否,无,单一来源,"南海大道2052号，玉蓝实业开发，Q房网别名""雅仕荔""，有南油小学+北师大南山附校学位，距南油站约97米（与OSM 0.4米的出入口贴边一致方向）。"
232,海晖大厦,南山区,粤海街道,南油,12/9,32.8,9120,混合,1993-1996,648,3,未知,未知,无,确认,南海大道2128号，南油集团开发。深圳都市圈房屋用途为“普通住宅/底商/商业办公类”，容积率4.6、绿化率10%、车位480个——名为“大厦”但主体是90年代住宅+底商，不是商务公寓；百科口径1994年底交付、648户（单一来源）。注意：该地块1984年批地、土地使用年限50年而非70年（百科口径，未再核实），买入前需查产权证年限。户型面积无资料。
233,现代城梦想家园,南山区,粤海街道,南油,12/9,6.7,7923,住宅小区,2003,593,3,小户型为主，已核实有44.06㎡一房一厅在售,否,无,确认,南海大道2536号，深圳市现代城房地产开发。产权登记为商品房、用途“普通住宅/底商”，属70年住宅而非商务公寓；但百科称三栋28-29层“商住楼”，容积率7.96、绿化率30%、占地仅5502㎡、建面43799㎡，居住体验偏公寓化。593户为百科单一来源；主力户型面积段未查到完整数据，仅核实到44㎡一房。
234,南油馨寓,南山区,粤海街道,南油,12/9,173.9,4461,不确定,未知,未知,未知,未知,未知,未知,推测,全网检索不到该名称的任何房产资料（贝壳/安居客/乐有家/房天下/都市圈均无收录），只能确认 OSM 里它是一块 landuse=residential 地块（way 942307436，4461㎡），位于南油生活区内部、紧邻登良路18号龙城花园（1986-1989年，23栋）。名称含“馨寓”，疑为保障性租赁住房/人才公寓或南油旧改片区的内部地块名，均未能证实。不排除是 OSM 自创名或开发商内部名。
235,观海台,南山区,粤海街道,后海,11/13/2/8,190.4,40082,住宅小区,2002-2004,929,11,3房88-150㎡为主，2房81-87㎡，4房137-141㎡（7、8栋楼王139㎡四房）,部分,无,确认,正式名“观海台花园”，创业路4号，中建蛇口发展开发。都市圈：11栋、车位647、容积率3、绿化率38%、用途普通住宅/商业/底商；房网口径2003年竣工、929户、ABC座（各3单元）+1-8栋共11栋、板楼南北通透。二手房源中出现198㎡五房，说明有少量大平层。
236,漾日湾畔,南山区,粤海街道,后海,11/13/2/8,133.4,21826,住宅小区,2003-2004,1133,7,两房至复式五房（具体面积段未核实）,部分,无,确认,海德三道16号，深圳市国基房地产开发。都市圈明确“房屋用途：普通住宅”、商品房、7栋、车位818、容积率5.2、绿化率40%；焦点/网易口径总户数1133、建面约13万㎡、含复式五房。后海核心区高密度高层住宅，非商务公寓。
237,华润深圳湾·悦府2期,南山区,粤海街道,后海,11/13/2/8,182.7,8611,住宅小区,2018（都市圈口径2012-2018）,350,2,1-3房 105-229㎡（三房两厅三卫约220-229㎡）,是,无,确认,科苑南路2888号，深圳湾体育中心南侧，华润置地开发。1栋44层/2栋43层、超150m超高层，占地约10250㎡、建面95140㎡、车位530、精装交付。最小户型即105㎡一房，主力大平层，典型深圳湾豪宅。
238,科苑西住宅小区,南山区,粤海街道,深大,1/13,128.6,28367,混合,1985-2005,未知,13,未知,未知,未知,单一来源,地址跨科发路7号/科兴路6号/翠西路2号，13栋、建成年代跨1985-2005年，交易权属“商品房/使用权”，房屋用途“普通住宅/公寓”，开发商无记录——是科技园西片区多批统建/单位住宅拼成的集合体，不是单一楼盘。贝壳有该小区页但被验证码拦截，未取得户数/户型。使用权房占比不明，购买需逐栋核产权。
239,汇景豪苑,南山区,粤海街道,深大,1/13,23.0,18350,住宅小区,2000-2001,967,5,3房97-125㎡为主，少量68㎡两房、178㎡五房,部分,无,确认,科兴路10号，大中华国际集团开发。都市圈与吉屋网车位数均429、户数均967、建成2000年，交叉一致。吉屋户型库含5室2厅2卫，与178㎡五房说法吻合；主力仍是97-125㎡三房。南山外国语学区房之一。
240,深南花园,南山区,粤海街道,深大,1/13,12.8,14392,住宅小区,1995-1996,642,3,未知,未知,无,确认,科兴路11号，深圳经济特区房地产(集团)开发，金地物业。都市圈：3栋、车位281、商品房/使用权、用途普通住宅/商业/底商；百科口径1995年建成、A/B/C三栋高层、642户。含“使用权”成分，购买需核产权类型。户型面积无资料。
241,锦隆花园,南山区,粤海街道,深大南,9,165.5,29031,住宅小区,1998-1999,431,5（都市圈）/12（百科称12栋多层），口径不一致,两房至六房，85-201㎡（百科口径；吉屋户型库见2室2厅1卫、4室2厅2卫、5室2厅3卫）,部分,无,确认,勤学路1008号，中建（蛇口）发展开发。吉屋与百科户数均431、建成1998、规划面积29139㎡（与OSM占地29031㎡吻合，确认同一小区）；但栋数两源冲突：都市圈5栋 vs 百科“12栋多层”，容积率2.2-2.16的低密度形态更支持多栋多层。四房/五房占比不小，属老小区里少见的大户型盘。
242,海滨小区,南山区,粤海街道,深大南,9,124.4,19481,宿舍单位房,1996,未知（乐有家98户、另有43户说法，两源冲突）,10（都市圈）,3室2厅约103㎡、4室约108㎡（乐有家）,部分,无,单一来源,实为“深圳大学海滨住宅小区”，位于南油大道东侧深圳大学校园内（沧海校区一侧），是深大教职工住宅：乐有家标注产权性质“商品房、福利房”，车位仅30个。与OSM坐标29m吻合，非同名混淆。都市圈条目的“开发企业：合肥万科瑞翔地产”明显是脏数据，车位200个也与乐有家的30个冲突，户数98/43两说均未能定案。四房仅108㎡，面积不大。
243,2A,南山区,粤海街道,深大南,9,61.9,2295,不确定,未知（所属园区口径1995-2014年）,未知,1（单体楼）,未知,未知,未知,推测,OSM 楼栋名“2A”即深圳市软件产业基地2栋A座（way 522138042，building=apartments，28层），位于学府路/科苑路深圳市软件产业基地园区（landuse=commercial）内，不是独立商品住宅小区。园区在都市圈的整体口径为17栋、1995-2014年、权属含“商品房/房改房/经济适用房/使用权/私产”、用途含“普通住宅/写字楼/商业/商业办公类/公寓”、开发方深圳市投资控股有限公司。该栋疑为园区人才公寓/保障性住房，未找到任何直接证据，故判为不确定。src=楼栋且仅2295㎡，属误入清单的产业园配套公寓风险高。
244,2B,南山区,粤海街道,深大南,9,109.7,1442,不确定,未知（所属园区口径1995-2014年）,未知,1（单体楼）,未知,未知,未知,推测,同 id243：OSM 楼栋名“2B”即深圳市软件产业基地2栋B座（way 533466825，building=apartments，20层），与2A同属深圳投控的软件产业基地园区，占地仅1442㎡。疑为园区人才公寓/保障性住房，无直接证据，判为不确定。
245,蔚蓝海岸二期,南山区,粤海街道,登良,2/8,6.3,97469,住宅小区,2002-2003,约2175（另有约2200说法）,25-26（乐有家25栋/都市圈26栋）,3房111-127㎡为主，另有75㎡两房与138-178㎡大户,部分,无,确认,华明路1-1号（后海大道与登良路交汇），卓越置业开发。都市圈：商品房、用途普通住宅/商业/底商、车位1291；乐有家：2002年建成、25栋、约2175户、车位1320、绿化率58%。蔚蓝海岸整体（一至四期）约5000户、占地30万㎡，本条只对应二期地块（OSM 97469㎡）。
246,蔚蓝海岸三期,南山区,粤海街道,登良,2/8,39.4,67466,住宅小区,2001-2004（乐有家称2003年建成）,约1553-1564,12,3房108-136㎡为主（108/111/116/120㎡三房，127/136㎡三加一）,部分,无,确认,登良路8-4号，卓越置业开发。乐有家：占地约69000㎡（与OSM 67466㎡吻合）、建面203210㎡、约1553户、车位1050、绿化率58.69%；都市圈：12栋、车位1260、用途含“商业办公类”。二手挂牌里出现236-263㎡五房/六房，属顶层复式，非主力。
247,阳光带海滨城彩虹之岸,南山区,粤海街道,科苑,13/2/8,0.0,46835,住宅小区,2003-2004,1048,14（住宅）/17（含会所、幼儿园、商铺）,2-4房，建面122-161㎡,是,无,确认,即阳光带海滨城二期，高新南环路35号，招商房地产开发。都市圈14栋、车位710、用途纯“普通住宅”；房网/吉屋口径1048户、共17栋（其中4、13、14栋为会所/幼儿园/商铺）、户型2-4室122-161㎡。起步就122㎡，是本批次里少见的整体大户型盘。
248,中信·海阔天空雅居,南山区,粤海街道,科苑,13/2/8,7.3,22135,住宅小区,2003-2004（另有2002说法）,约666（另有652说法）,7,2房77-79㎡、3房115-131㎡、4房144㎡，另有178㎡大平层四房,部分,无,确认,科苑南路1093号，中信华南（集团）深圳开发，房产库通名“中信海阔天空”。都市圈：7栋、车位423、商品房、用途普通住宅/底商；链家/焦点：占地18956㎡（与OSM 22135㎡同量级）、建面97012㎡、容积率4.22、666户。三房占主力，四房144-178㎡有一定量。
249,恒立听海,南山区,粤海街道,科苑,13/2/8,72.9,21414,住宅小区,2005-2006,约606-613,9,2房70-78.6㎡、3房104-121㎡（少量四房及空中复式）,否,无,确认,备案名“恒立听海花园”，高新南环路55号（科苑南路与高新南十一道），深圳市恒立冠投资开发，中海物业。深圳房网备案数据：类型“商品住宅”、总房源606、车位402、户型库为74-78.6㎡二房；都市圈9栋、车位412；乐有家标物业用途“住宅”、产权“商品房”。以中小户型为主，大户仅少量。
250,卓越浅水湾,南山区,粤海街道,科苑,13/2/8,185.9,20769,住宅小区,2006-2007,约312-324（三源分别为320/324/312，量级一致）,6,未知,未知,无,确认,高新南环路61号，卓越置业开发，6栋18-30层。都市圈车位518、商品房、用途纯普通住宅。占地约2.08万㎡只做约320户、车位/户比超1.6，形态上指向大户型为主，但没有任何一手户型面积数据，故 large_unit 保守写“未知”而非“是”。
251,滨福庭园,南山区,粤海街道,科苑,13/2/8,95.8,14180,住宅小区,2005,未知,5,未知,未知,无,单一来源,高新南环路38号，粤海街道高新区社区，深圳市福田房地产开发公司开发。都市圈：商品房、用途纯“普通住宅”、5栋、车位265。名称冷门，Bing/Google/百度/DuckDuckGo 均检索不到有效条目，贝壳/安居客/乐有家页面未定位到，户数与户型确实查不到。注意与同片区的“滨福世纪广场”（高新南十一道28-12号，2004年、281户、权属含安居型商品房）区分，两者不是同一项目。
252,珑御府,南山区,粤海街道,科苑,13/2/8,186.5,13270,住宅小区,2014,未知,2,未知,未知,未知,单一来源,高新南十一道28-10号，深圳市鑫地置业有限公司开发。都市圈：2014年、2栋、商品房、用途纯“普通住宅”、车位535。仅2栋却配535个车位，疑车位数含地块内商业/办公配套或为片区合并统计。名称冷门，全网搜索引擎（Bing/百度/DuckDuckGo/Mojeek）均无有效结果，户数、户型、开盘价一概查不到；与坐标25m吻合，非同名混淆。
253,熙湾,南山区,粤海街道,科苑,13/2/8,186.6,9833,住宅小区,2005,未知,7,未知,未知,无,单一来源,高新南环路46号，深圳市深咨投资发展有限公司开发。都市圈：2005年、7栋、商品房、用途“普通住宅/商业/底商”、车位237。名称过短、检索污染严重，未能在贝壳/安居客/乐有家定位到小区页，户数与户型未知。占地9833㎡做7栋，推测为小体量多层/小高层组合（推测，未证实）。
254,深港产学研基地,南山区,粤海街道,粤海门,13/9,35.7,1676,宿舍单位房,未知,未知,1（单体楼）,未知,未知,无,推测,OSM 单体楼（way 764380663，building=apartments，仅1676㎡），位于科苑南路/白石路“深圳虚拟大学园”园区（landuse=commercial）内，紧邻清华大学研究院、深圳虚拟大学园孵化器、高新技术产业园区R3A座。深港产学研基地是北京大学、香港科技大学与深圳市共建的科研机构，该楼判为其科研人员/研究生公寓宿舍，属误入“住宅性用地”清单的科研配套建筑，不是可交易的商品住宅小区。无任何房产网站收录，纯属推测。
255,科苑花园34区,南山区,粤海街道,高新中,13,173.1,12580,混合,1992-1993,未知,11,未知,否,无,单一来源,房产库通名为“科技园三十四区”，科伟路4号，开发单位是深圳住宅局——属深圳早期政府统建（微利/福利房性质）住宅，现以商品房上市交易。都市圈：1992-93年、11栋、用途纯普通住宅、车位1302个（11栋老小区配1302车位明显偏高，疑为片区合并统计，谨慎使用）。large_unit 判“否”依据是1992-93年深圳统建住宅普遍为中小面积（区位常识推测，无一手户型数据）。
256,科苑花园48区,南山区,粤海街道,高新中,13,96.1,11177,混合,1993-2009,约494,7,未知,否,无,单一来源,房产库通名“科技园四十八区”，科伟路8号，开发方深圳市科技工业园总公司——科技园园区单位统建住宅，单位福利房属性较强，建成年代跨1993-2009年说明是分批建设。都市圈：7栋、车位仅50个、用途“普通住宅/商业”；乐有家口径约494户（单一来源）。large_unit 判“否”为年代+单位统建属性推测，无户型面积数据。
257,桑达苑,南山区,粤海街道,高新中,13,154.9,8808,混合,1994-1996,未知,6,未知,否,无,单一来源,琼宇路7号，深圳桑达房地产开发有限公司（桑达电子旗下）开发。关键：都市圈的交易权属明确为“商品房/安居型商品房”，即小区内含安居房成分，属90年代中期单位统建+安居房混合体；用途纯普通住宅、6栋、车位370。未见“动迁安置房”记录，故 resettlement 记“无”（指无旧改回迁），但含安居房这一点需在汇总时单独标注。large_unit 判“否”为年代+安居房属性推测。
258,安居高新花园,南山区,粤海街道,高新南,9,8.0,30436,安居房人才房,未知,未知,6,未知,否,整体回迁房,推测,OSM 地块 way 783219905（30436㎡，高新南七道，紧邻深圳湾科技生态园），内含6栋 building=apartments：3栋61层/190m + 3栋43层/140m。名称带“安居”前缀（深圳市人才安居集团品牌），加上超高层塔楼群形态，判为整体安居型商品房/人才住房。关键限制：该小区不在深圳都市圈南山区935个小区库中，也检索不到任何售楼/中介资料，说明尚未上市或极新，交楼年份、户数、户型全部未知。resettlement 填“整体回迁房”是按字段口径把“整体安居房”归入该值，实际不是旧改回迁。large_unit“否”为安居房通常以≤90㎡中小户型为主的推测。此条整体为推测，需后续用深圳市住建局公示核实。
259,大冲新城花园,南山区,粤海街道,高新园,1,93.9,40984,回迁房,2005-2016,未知,13,未知,未知,有回迁房,单一来源,铜鼓路10号（大冲旧村旁），华润置地。都市圈交易权属为“商品房/房改房/经济适用房/动迁安置房/使用权”，房屋用途“普通住宅/商业/底商/公寓/商务公寓”，13栋、车位4505个——即大冲村城市更新（华润大冲改造）片区内含动迁安置（回迁）房的混合小区，成分极杂。建成年代跨2005-2016年，说明2005年前后先有村统建楼，旧改回迁部分在2014-2016年交付。含“商务公寓”用途，逐栋性质差异大，不能整体当70年住宅看。户数/户型未查到。
260,朗景园,南山区,粤海街道,高新园,1,145.5,11346,住宅小区,2000-2001,未知,6,未知,未知,无,单一来源,科技路2号，深圳市中昊地实业发展有限公司开发。都市圈：2000-2001年、6栋、商品房、用途“普通住宅/底商”、车位282。占地11346㎡、6栋，属科技园片区小体量住宅。未能在贝壳/安居客/乐有家定位到小区页，户数、户型未知。
261,荣村小区,南山区,蛇口街道,东角头,2/8,196.9,28046,混合,1985-2011,未知,11,未知,否,无,单一来源,石云路4号，蛇口街道（蛇口老街片区），物业方招商地产。都市圈交易权属“商品房/经济适用房/乡产/安居型商品房”，房屋用途“普通住宅/底商/公寓”，11栋、车位352，建成年代跨1985-2011年——即蛇口原住民村（荣村）片区的统建/村产/安居房混合体，其中“乡产”房不可正常上市交易，风险高。未见“动迁安置房”记录，故回迁一栏记“无”。large_unit“否”为村统建/安居房形态推测。
262,蓝漪花园,南山区,蛇口街道,东角头,2/8,174.3,19880,住宅小区,2002-2006,未知,14,未知,未知,无,单一来源,蛇口老街51号，天源物产（深圳）有限公司开发（与同片区“春树里”同一开发商）。都市圈：2002-2006年、14栋、商品房、用途“普通住宅/商业/底商”、车位295。占地19880㎡做14栋，为多层/小高层组合。户数与户型未查到。
263,万科蛇口公馆,南山区,蛇口街道,东角头,2/8,83.7,18320,混合,2015-2019,未知,5,未知,未知,有回迁房,单一来源,花果路，万科开发。都市圈交易权属“商品房/动迁安置房/使用权”，房屋用途“普通住宅/商业/底商/商业办公类/公寓/商务公寓”，5栋、车位991——名为“公馆”，实际是含旧改动迁安置（回迁）房 + 70年住宅 + 商务公寓的混合体，必须逐栋区分产权年限与学位资格，不能整体按住宅小区处理。户数/户型未查到。
264,春树里,南山区,蛇口街道,东角头,2/8,128.5,14038,住宅小区,2004-2006（吉屋称2005年建成）,639,5,2-3房（吉屋户型库：2室2厅1卫、3室2厅1卫、3室2厅2卫；面积段未核实）,否,无,确认,蛇口新街26号，天源物产（深圳）有限公司开发。都市圈与吉屋网车位数均340（交叉一致），都市圈5栋、商品房、用途“普通住宅/商业/底商”；吉屋口径639户、2005年建成。户型库只有二房与三房，未见四房，故 large_unit 判“否”（面积段未取到，属于按户型室数推断）。
265,招商望海玥家园,南山区,蛇口街道,东角头,2/8,153.1,10528,回迁房,未知（2025年6月开盘，交楼年份未确认）,395,3（2栋44-45层住宅+1栋35层公寓）,可售部分36-60㎡ 1-2房,否,有回迁房（343/395套为回迁房，可售仅52套）,单一来源,蛇口老街片区旧改（2006年启动、2018年开拆、2022年招商蛇口接手）。占地约9072㎡与OSM 10528㎡量级吻合。回迁占比87%，本质是回迁房项目带少量可售商品房+公寓。仅有搜狐/网易楼盘稿（自媒体口径，仅摘要），贝壳/Q房/都市圈均未建库，数字需以官方备案核实。
266,翠苑小区,南山区,蛇口街道,东角头,2/8,199.3,9143,住宅小区,1989-1990,105,5-6（Q房5栋 / 都市圈6栋）,2房76.9㎡、3房77-78㎡,否,无,确认,蛇口新街213号，深圳市蛇口房地产有限公司开发，板楼、容积率1.6、96车位，房屋用途=普通住宅，交易权属含'乡产'。注意同名：深圳另有罗湖百仕达翠苑小区（太宁路99号、1993年、7栋），已按蛇口地址+坐标排除混淆。
267,围仔东,南山区,蛇口街道,东角头,2/8,162.6,6679,住宅小区,1990,约20（Q房，疑仅按1栋口径）,2（都市圈）/1（Q房）,3房2厅 75-114㎡,否,未知,单一来源,正式名'围仔东小区'，蛇口花果路4号、渔二社区。容积率4.1、无车位、绿化20%，开发企业空白，形态疑为原围仔村统建楼。Q房列蛇口学校学区，说明是可上学位的住宅。户数口径可疑（20户对应6679㎡地块偏低）。
268,南水小区,南山区,蛇口街道,水湾,2/8,98.6,40495,混合,1989-2003,未知,36,未知,未知,未知,单一来源,水湾路12号、海昌社区，深圳市蛇口房地产公司开发。36栋、跨1989-2003年建成、390车位；交易权属=商品房/使用权/乡产，房屋用途=普通住宅/商业/底商/商业办公类/公寓/商务公寓——是一个混合大院（住宅+商务公寓+商办），不是单一住宅小区。户数、户型无公开口径；Q房未建档（其'南水花园'是另一小区，公园路、1996-1997年、3栋）。
269,春天广场,南山区,蛇口街道,水湾,2/8,104.4,2685,住宅小区,2002,126,2,1房1厅42.3㎡、2房2厅65.5㎡,否,无,确认,名字带'广场'但实为深圳招商房地产开发的普通住宅（都市圈房屋用途=普通住宅；Q房用途=商铺/住宅）。水湾路10号、容积率4.11、150车位、物业费2-2.5元。全是小户型，占地仅2685㎡。
270,宝能太古城,南山区,蛇口街道,海月,2/8,45.7,45986,住宅小区,2010-2011,约2303（北区1359+南区944）,18（北12+南6）,南区3房70-88㎡为主；北区3-4房115-173㎡，另有208-442㎡大平层/复式,部分,无,确认,OSM单条（parts=2）覆盖南北两区。中心路（深圳湾段）2233号，宝能地产开发，总建面约43万㎡，南北由空中走廊连通；北区2400车位/绿化50%，南区1163车位/绿化35%；深圳湾学校学区。'大户型为主'取'部分'：南区以小三房为主、北区才是大户型。
271,君汇新天,南山区,蛇口街道,海月,2/8,174.5,37830,住宅小区,2009-2011,约744-770（乐有家744 / 百度百科770，口径不一）,9（都市圈）/7（乐有家）,4-5房 156-233㎡（含177㎡、201㎡、213㎡）,是,无,单一来源,中心路（深圳湾段）2269号、岸湾五街2-7号；容积率2、2254车位、房屋用途=普通住宅/商业/底商，交易权属含使用权。层高3.4m、全架空、户户南北通透。Q房未能取到建档页，户数/栋数各平台不一致（744/770/548；7/9/10栋），故只给区间。
272,曦湾天馥,南山区,蛇口街道,海月,2/8,95.9,11625,住宅小区,2008-2016（开盘2016-04，交房约2017-12）,390（Q房）/308（百度百科）,4（Q房）/5（都市圈）,3-4房 87.4㎡为主，另有5房183㎡、260㎡,部分,无,确认,后海滨路与工业八路交汇处东南角（宝能太古城南区旁），深圳市馥豪地产开发；容积率3.8、绿化率70%、311车位、物业费5.5元、深圳湾学校学区。87㎡即做四房，属'小面积多房'；大户型只是部分。户数两来源不一（390 vs 308）。
273,恒裕滨城二期,南山区,蛇口街道,湾厦,2/8,0.0,36998,住宅小区,2017,844（Q房）/833（乐有家）/839（房天下）,5,口径冲突：Q房列3房83.2㎡、4房88.2㎡（建面口径）；乐有家列169-273㎡的6-8室,部分,无,确认,后海招商东路与中心路交汇处（湾厦站），恒裕实业开发，5栋约150m超高层、1419车位、物业费6.15-6.5元、深圳湾学校学区。以'湾区赠送之王'（户型赠送率110-120%）著称，因此建面口径与实用面积口径差异极大，大户型判断只能取'部分'。注意乐有家把二期'建成年代'误写为1999年。
274,海境界家园,南山区,蛇口街道,湾厦,2/8,3.5,30499,住宅小区,2012-2013（一期）,632（Q房，一期）/633（一期规划）,5（一期）,2房73.1㎡、3房86.3㎡,否,有回迁房（推测）,单一来源,一二期归属未定：OSM点位距'后海公馆'115m、距已建档的'海境界家园一期/湾厦海境界'（后海大道1012号）约198m，且OSM占地30499㎡更接近二期口径（约3.16万㎡）。本条数据按一期填写。开发商为深圳市蛇口湾厦实业股份有限公司（原湾厦村集体股份公司），故推测含村民回迁房，但未找到回迁批文；容积率5.14、420车位、蛇口育才四小学区。
275,后海公馆,南山区,蛇口街道,湾厦,2/8,92.5,23089,住宅小区,2007-2008（2007-07开盘，2008-12交房）,550（Q房）/548（吉屋）,4,2房66.2㎡、3房102.8㎡,否,无,确认,别名映月湾花园，蓝天路8号，深圳市地业房地产开发。名字带'公馆'、吉屋把物业类型标为'公寓'，但同页明确写70年产权，都市圈房屋用途=普通住宅，Q房列蛇口育才四小学区——不是商务公寓。容积率2.6、477车位、30-32层塔楼、建面85902㎡。
276,名居·绿海湾,南山区,蛇口街道,湾厦,2/8,0.0,20168,住宅小区,2012-2013（2011-10开盘）,874,4（6单元）,3房86-112㎡、4房134.5㎡,部分,无,确认,正式名'绿海湾花园'（别名绿海湾畔），后海滨路1188号，名居房地产有限公司开发；容积率3.8、绿化40%、650车位、物业费4.2元、深圳湾学校学区。勿与宝安西乡'绿海名居'（2002年、7栋860户）混淆——那是同一家开发商的另一个项目。
277,广博星海华庭,南山区,蛇口街道,湾厦,2/8,128.9,19205,住宅小区,2004-2005,523-524（Q房524、百科523；乐有家560）,8（都市圈）/7（Q房）,2房69-75㎡、3房93-120㎡、4房约140㎡,部分,无,确认,工业七路3号，深圳市广博房地产开发；塔楼、容积率3.7、395车位、绿化26.8%、房屋用途=普通住宅/商业/底商、蛇口育才四小学区。
278,恒裕滨城一期,南山区,蛇口街道,湾厦,2/8,103.1,11305,住宅小区,2012-2014,365（Q房）/264（自媒体）,4,3房112-145㎡、4房168.4㎡,是,无,确认,中心路2117号，恒裕实业开发；容积率3.8、447车位、房屋用途=普通住宅、深圳湾学校学区。户型全在112㎡以上，大户型为主。户数两来源差异大（365 vs 264），以Q房建档为主。
279,弘都世纪公寓,南山区,蛇口街道,湾厦,2/8,178.7,3180,混合,2005-2006,159（Q房）/188（乐有家）/约88（Q房小区页摘要）,1,45.1㎡2房、67.5㎡2-3房、87.6㎡3房2厅,否,无,单一来源,工业七路3号单体楼，占地仅约3024-3180㎡、容积率4.38、55车位，深圳市弘都投资开发。名字叫'公寓'但交易权属=商品房、房屋用途=普通住宅/商业/底商（Q房用途=商铺/住宅/写字楼），且Q房列蛇口育才四小学区——不是40-50年产权无学位的商务公寓，判为住宅+商办混合单体楼。户数三来源互不一致（88/159/188）。
280,天悦湾花园,南山区,西丽街道,留仙洞,13/5,13.4,26793,住宅小区,2013-2015,602（Q房）/603（乐有家）,6,3房2厅88.95㎡为主；另有147-157㎡的'5-10室'整层分间型,部分,未知（交易权属含集资房，非明确回迁房）,确认,别名'天悦·南湾'（Q房建档名'天悦南湾'、焦点网别名'宏佳华府'），留仙大道2188号、留仙社区，深圳市天悦房地产开发；容积率3.2、850车位、物业费3.9元、文理实验学校学区。都市圈交易权属=商品房/集资房。乐有家/Q房列出的'153-157㎡ 7-10室'应是整层分间出租型，不能当普通四房读，故大户型判'部分'。
281,丽雅苑,南山区,西丽街道,留仙洞,13/5,19.5,19526,不确定,2010-2012,310（Q房）/637-640（乐有家、链家）,7（都市圈）/3（Q房）,3房2厅 89-90㎡,否,未知,推测,同发路1-2号、留仙社区。性质存疑：乐有家把'开发商'记为'深圳市南山区建筑工务局'（政府代建），都市圈交易权属=商品房/房改房/使用权，两项都指向保障性/安置住房（安居房或安置房），但没有第二个独立来源或政府文件确认，故 type 留'不确定'而非直接判安居房。数据也严重不一致：户数310 vs 640、栋数3 vs 7；997车位/640户比例偏高（1.56）反而更像商品房。需查南山区保障房名录复核。
282,西丽蓝天,南山区,西丽街道,留仙洞,13/5,3.6,8550,混合,2009,未知,3,未知,未知,未知,单一来源,OSM名'西丽蓝天'实为'西丽蓝天花园'（同发路1号）——Q房建档名直接叫'西丽蓝天花园'，且Q房与都市圈的容积率2.8、绿化率36%完全一致，可交叉确认为同一小区（都市圈条目名简作'蓝天花园'）。性质关键点：都市圈交易权属=商品房/军产，房屋用途=普通住宅/公寓，350车位——含军产（部队产权）房，疑原部队用地开发，故判'混合'。Q房该页无户数/户型/栋数（只给绿化、容积、物业费2.8元）。
283,宝能华府,南山区,西丽街道,留仙洞,13/5,196.6,5775,住宅小区,2013-2014,316,4（都市圈）/1栋4单元（Q房）,4-5房 109.3㎡,是,无,确认,同悦路18号、留仙社区，深圳宝能华府置业开发；容积率4.3、280车位、绿化35%、物业费3.8元、文理实验学校学区。按'四房即算大户型'的口径判'是'，但要注意面积只有109㎡（属小面积多房），按120㎡口径则不算。
284,百旺研发大厦,南山区,西丽街道,百旺,13,5.5,10334,写字楼商业,未知,未知,未知,未知,未知,未知,推测,沙河西路百旺信息科技园（13号线百旺站）内的研发办公楼。Q房、乐有家、深圳都市圈三家均无任何住宅建档；同园区仅'百旺研发公寓'（129m外）有建档。判定只凭名称+产业园区区位+邻栋公寓的存在，无一手证据，疑为OSM把园区研发楼误标为住宅性用地。不排除楼内含配套宿舍。
285,百旺研发公寓,南山区,西丽街道,百旺,13,73.7,4252,宿舍单位房,未知,未知,3,未知,未知,未知,单一来源,沙河西路5158号（百旺信息科技园）、百旺社区。都市圈：3栋、交易权属=商品房/使用权、房屋用途=普通住宅/写字楼，且无建成年代、无车位/容积率/绿化数据，Q房无建档——典型的产业园区配套研发公寓/宿舍（多为使用权、无学位、不能自由交易）。户数、户型、年份均查不到。
286,万科云城五期,南山区,西丽街道,石鼓,13,0.0,13136,不确定,未知（万科云城整体2015-2019）,未知,未知（OSM为单体楼，占地13136㎡）,未知,未知,未知,推测,查不到'五期'的独立建档。万科云城是留仙洞总部基地的住宅+商务公寓+研发办公混合组团：都市圈把它并成一条（30栋、2015-2019年、交易权属商品房/使用权/乡产、房屋用途含普通住宅/写字楼/商业/商业办公类/公寓/商务公寓）；Q房拆成一期（茶光路与创科路，商铺/住宅/商住，3栋，户型62-134㎡）、二期（住宅/商住，2栋）、三期（商住/住宅/商铺，7栋，67-134㎡）、六期（纯'商住'即商务公寓，1栋1024户，28.75-50.8㎡）。同组团既有70年住宅也有商务公寓，所以在没有五期单独资料前不能判性质。
287,珠光苑,南山区,西丽街道,茶光,7,98.8,17093,混合,2000,未知,13,未知,未知,未知（疑含村民安置/统建）,确认,西丽旧市场对面、曙光社区。都市圈把'开发企业'直接写作'珠光村委'，交易权属=商品房/使用权/乡产，房屋用途=普通住宅，13栋、310车位、板楼。Q房同一小区（地址写西丽路1061号，容积率2.54、绿化率25%与都市圈完全一致可交叉确认）但物业用途只标'商铺'、无户数户型。村集体开发+乡产/使用权混杂，故判'混合'；是否有正式回迁/安置批文未查到。
288,丽苑二村南区,南山区,西丽街道,茶光,7,160.2,5183,不确定,未知,未知,未知,未知,未知,未知,推测,Q房、乐有家、都市圈都没有'丽苑二村'建档。最近的已建档小区：'雅丽阁'（西丽南路70号，143m）、'丽苑村'（沙河西路32号，2000年、10栋、商品房/集资房、深圳市南山区南山实业公司开发，209m）。占地仅5183㎡，疑为西丽丽苑村二村片区的集资房/统建住宅区，但无任何可引用数据，不做进一步判断。
289,雅丽阁,南山区,西丽街道,茶光,7,49.4,2634,住宅小区,2000-2001,308,1（5单元）,3房2厅 97-105㎡,否,无,确认,西丽南路70号、西丽社区，深圳市宝利多实业发展有限公司开发；塔板结合、容积率2.63、350车位、绿化15%（都市圈）/30%（Q房）、房屋用途=普通住宅/商业/底商。占地仅2634㎡的单体商住楼，但是70年产权普通住宅。
290,永标大厦,南山区,西丽街道,茶光,7,5.2,1904,不确定,未知,未知,1（推测，OSM占地1904㎡）,未知,未知,未知,推测,Q房、乐有家、深圳都市圈（南山区935个小区全量清单）均无'永标大厦'建档。位置在西丽茶光站旁、雅丽阁（58m）与丽苑村（106m）之间，占地1904㎡，形态是单体商住楼/统建楼。没有任何可引用的年份、户数、户型、产权数据，不猜。
291,西丽华昌大厦,南山区,西丽街道,茶光,7,21.0,1354,不确定,未知,未知,1（推测，OSM占地1354㎡）,未知,未知,未知,推测,疑似同名混淆已排除：深圳都市圈确有'华昌大厦'（1992年、1栋、30车位），但坐标在南山中心区（约22.5325N/113.9264E），与本条西丽茶光站点位相距十余公里，不是同一栋。'西丽华昌大厦'本身在Q房/乐有家/都市圈均无建档，占地仅1354㎡，是单体楼。无可引用数据。
292,南国丽城,南山区,西丽街道,西丽,5/7,129.5,46165,住宅小区,2003-2005,1203,5（Q房，15单元）/6（都市圈）,2房78.8㎡、3房90-101㎡、4房121-127㎡；另有103㎡'6室'、118㎡'5室'分间型,部分,无,确认,留仙大道1306号、丽城社区，深圳市闽泰房地产开发，深圳市滨海物业管理；容积率4.58、1562车位（车位比1:1.54）、绿化40%、物业费1.7-3.6元；学区为大学城西丽实验小学（377m）+ 大学城丽湖实验学校初中部；距5号线西丽站约305m。共199个户型，103㎡做6室、118㎡做5室的是分间型，不能当大户型读。
293,众冠花园,南山区,西丽街道,西丽,5/7,183.3,18462,住宅小区,1999-2001,337（Q房）,5（Q房，9单元）/10（都市圈）,3房78.8㎡为主；另有1房44.4㎡、5房205.1㎡,部分,未知,单一来源,留仙大道1311号、丽城社区，开发企业为'深圳市众冠股份有限公司'——股份公司通常是原村集体改制而来，因此不排除含村民自留/安置房，但没查到回迁批文。容积率2.4、430车位、绿化率仅5%、物业费1-2.2元。户数与栋数两平台差异大（337户/5栋 vs 10栋）。
294,丽新花园,南山区,西丽街道,西丽,5/7,46.9,17330,混合,2004（Q房）；都市圈无年代,未知,16,未知,未知,未知（疑村民统建）,单一来源,沙河西路4011号、新围社区。16栋挤在约1.7万㎡内、只有244车位、容积率3、绿化20%、物业费0.8-2元，交易权属=商品房/使用权，'开发企业'一栏填的是物业公司（深圳市海中联物业管理）——整体形态更接近村统建/农民房片区而非商品房小区，故判'混合'。Q房建档物业用途只标'商铺'、无户数/栋数/户型。
295,留仙苑,南山区,西丽街道,西丽,5/7,83.7,16087,混合,2002（Q房）；都市圈无年代,未知,12,未知,未知,未知,单一来源,对应都市圈'留仙苑1期'（留仙大道2015号、大磡社区）：板楼12栋、交易权属=商品房/使用权/集资房、440车位、容积率2.6、绿化25%、物业费0.9-1.5元。集资房+使用权混杂，判'混合'。OSM该条为2个分片（parts=2），可能同时覆盖1期与相邻片区。Q房建档无户数/户型/用途。
296,丽新小区,南山区,西丽街道,西丽,5/7,52.1,10137,不确定,未知,未知,未知,未知,未知,未知,推测,三家平台均无'丽新小区'独立建档。点位在南天路一带：距已建档的'西丽书店综合楼'（南天路3号、1999年、2栋、商品房/集资房）约55m，距'丽新花园'（沙河西路4011号）约200m——与丽新花园不是同一小区。疑为丽新村/新围社区的老旧统建住宅区，占地10137㎡。无可引用数据。
297,新华大厦,南山区,西丽街道,西丽,5/7,151.8,9671,住宅小区,2010,396,2（5单元）,未知,未知,未知,单一来源,匹配存疑：Q房有'新华大厦'建档，地址[南山大学城]高新路10号、2010年建、2栋5单元396户、容积率3.5、绿化35%、物业用途=商铺/住宅、物业费1.5-2.3元、学区为大学城西丽实验小学+文理实验学校科创学校。该地址与OSM点位（西丽站、占地9671㎡）相距约200-300m，量级也自洽（9671㎡×3.5≈3.4万㎡建面/396户≈85㎡/户），但深圳都市圈南山区全量清单里没有西丽的'新华大厦'，故不能排除同名混淆，仅算单一来源。
298,莺新花园,南山区,西丽街道,西丽,5/7,186.8,8790,住宅小区,2009（另有口径称2002）,458,9,未知（容积率2.6、按458户/8790㎡地块推算单套建面约50㎡，疑为中小户型）,否,未知,单一来源,南山西丽高职院南门对面/新围村228号。开发商与物业均为深圳市新围实业有限公司（新围村股份公司），疑为村集体开发/统建性质项目，但未查到旧改回迁证据。建成年份两说：房天下+百度百科=2009-01-01竣工，另一摘要称2002年建成，存疑。房价约2.4万/㎡，远低于西丽商品房均价，也侧面提示非普通商品住宅。
299,众冠西郡园,南山区,西丽街道,西丽,5/7,61.8,4227,住宅小区,2006,124,未知（塔楼，占地4227㎡、容积率3.78）,2房78.65㎡ / 3房84.87㎡ / 4房121.24㎡,部分,无,单一来源,留仙大道以南、西丽大道以西。商品房住宅，保利物业，绿化率40%、容积率3.78、停车位96个。仅乐有家小区页一个来源。4房121㎡户型存在但占比未知，故记为“部分”。
300,众望楼,南山区,西丽街道,西丽,5/7,184.6,4155,混合,2004,202,未知（房天下写14栋，与4155㎡地块明显不符，疑为数据错误）,未知,未知,未知,确认,南山西丽沙河西路3283号，靠西丽站。房天下+百度百科一致：2004年建成、70年产权、丽新实业有限公司开发/物业。安居客口径标注“单位自建开发、业主自管”，故性质记为混合（住宅但带单位自建色彩）。均价约3.1万/㎡明显低于周边商品房。栋数口径不可信。
301,丽苑阁,南山区,西丽街道,西丽,5/7,24.6,1672,住宅小区,1999,56,未知（板楼，占地1672㎡，疑为1-2栋单体）,约99㎡ 4房（在租房源口径）,否,无,单一来源,南山区西丽沙河西路1381号，距5号线西丽站约141米。乐有家标注商品房、板楼、规划56户、1999年建成。src=地块但面积仅1672㎡，实为单体住宅楼。
302,金众·麒麟公馆,南山区,西丽街道,西丽湖,7,194.5,42706,住宅小区,2021,854（规划住宅户数）,8（6栋高层住宅 + 2栋商办公寓）,100-110㎡ 3-4房；135-177㎡ 4-5房,是,无,确认,西丽湖路/沁园路，大学城片区。总占地约43975㎡（与OSM 42706㎡吻合），总建面201860㎡，住宅建面148860㎡，容积率3.18，含1所6班幼儿园。项目含2栋商办公寓（非住宅），主体为70年产权住宅。楼王为大平层4+房、135-177㎡四至五房占比高，故大户型判“是”。
303,兴园居,南山区,西丽街道,西丽湖,7,187.2,17126,宿舍单位房,1998,52,未知（板楼，中介口径总建面仅5200㎡）,3房89-103㎡；另有4房80.6㎡,否,无（但为福利房性质）,单一来源,南山西丽镇西丽湖路4018号，距7号线西丽湖站约332米。乐有家明确标注“产权性质：福利房”，物业为深圳市西丽湖物业管理有限公司，开发商钧濠房地产，容积率2、绿化率10%、52户/42车位——典型单位福利房小院。OSM地块17126㎡远大于中介口径总建面5200㎡，疑OSM把西丽湖周边宿舍片区一并圈入。
304,松坪山科苑新区,南山区,西丽街道,高新北,13,1.2,34457,混合,2004（房天下竣工口径；片区1990年代即已开发，存疑）,726,未知,3房65-100㎡（65/85/95/100㎡三室两厅）,否,未知,单一来源,科技园北路/高新北六道/水木路，紧贴13号线高新北站（OSM距离1.2米）。乐有家：726户、726车位、容积率1.3、板楼、绿化率30%、商品房，但“建成年代暂无数据”；房天下另一条目“松坪山科苑新区”竣工2004-10-01。片区为1993年住宅局开发的“松坪村IT技术核心基地”配套区（其中松坪村三期为安居房），故本地块疑含单位/配套住房性质，未获确证，性质记混合。另见37㎡单间出租房源，与3房主力口径并存。
305,水口花园,宝安区,新安街道,上川,12,110.3,175032,住宅小区,1990（乐有家）/ 2000（房天下另一条目）,792（乐有家）；房天下另一条目仅188户,约28（乐有家摘要）；房天下另一条目5栋,3房80-93㎡（80/90/93㎡三室两厅）,否,未知,单一来源,宝安31区，距12号线上川站。物业费仅0.5元/㎡、1990年建成，属宝安老城区最早一批小区。口径混乱：乐有家(id2275)=1990年/792户/约28栋/占地约4万㎡；房天下(2810769780)=2000年竣工/5栋/188户/容积率1.37；安居客另有独立条目“水口花园(公寓住宅)”。OSM地块175032㎡远大于任何中介口径，几乎确定是把整片水口片区（含水口花园宿舍楼、公寓住宅等多个子小区）合并成一个地块，属OSM口径问题。
306,塘坊花园,宝安区,新安街道,上川,12,3.0,76440,混合,未知（一处摘要称2017，与老村统建楼形态不符，不采信）,约314（乐有家规划户数，仅对应8620㎡宗地）,5（同上，仅对应8620㎡宗地）,在售/在租多为500-960㎡整层整栋（6室、2室等），非常规商品房户型,是（若按整层整栋口径）,未知,推测,宝安区新安35区塘坊花园一巷22号。中介页虽写“商品房/住宅”，但房源单位面积500-960㎡、且5栋仅314户，形态与深圳村民统建楼/农民房集中区一致，疑为塘坊村统建楼片区而非商品住宅小区。OSM地块76440㎡远大于中介宗地8620㎡，OSM应是把整个塘坊片区圈成一块。所有关键数字都不可靠，故confidence=推测。
307,弘雅花园三期,宝安区,新安街道,上川,12,162.5,54877,住宅小区,1999,1075,25,3-4房 110-152㎡,部分,无,确认,建安一路与上川二路交汇处，距12号线上川站约160米。开发商深圳鸿荣源实业，开元国际物业，车位628个、物业费1.2-2.5元、绿化率46%，配游泳池/网球场。三期内含“雅豪轩”组团（房源标注雅豪轩8栋）。中介占地口径32200㎡ vs OSM 54877㎡，OSM可能含三期整体用地/相邻组团。主力110-152㎡中不少≥120㎡，故大户型判“部分”。
308,黄金台小区,宝安区,新安街道,上川,12,6.3,23940,混合,1992,383（另标规划745户）,12,3房80-95㎡（80/86/95.2㎡三室两厅）,否,未知（含集资房/自建房成分，非旧改回迁）,单一来源,宝安35区新安四路，紧贴12号线上川站（OSM 6.3米）。乐有家明确标注“产权性质：商品房、自建房（集资房）”，物业为深圳市黄金台物业管理有限公司，故性质记混合。同一“黄金台”主体（深圳市黄金台科技发展有限公司）也是隔壁雅然居花园的开发商。
309,招商臻府,宝安区,新安街道,上川,12,84.6,18148,混合,2019建成 / 2021交楼,608,6（4栋商品房 + 2栋保障房）,120㎡ 4房、155㎡ 4+1房（在售房源多为118-119㎡四房）,是,有（含2栋保障房/安居性质住房）,确认,宝安新安前进一路309-5号（建安路与新安四路交汇处），距12号线上川站约96米。占地20602㎡（与OSM 18148㎡接近）、容积率4.96、70年产权、招商蛇口开发、招商物业。乐有家明确写6栋中2栋为保障房，故type记混合、resettlement记“有”。房天下竣工时间2021-01-01，乐有家建筑年代2019年，实际交楼以2021为准（在售房源标注2021年建成、共42层）。
310,海滨花园,宝安区,新安街道,上川,12,6.3,17102,住宅小区,1991（另有1992-2001口径）,233,4,38-91㎡（1-3房，以中小户型为主）,否,未知,确认,宝安35区前进路254号（沃尔玛旁），紧贴12号线上川站（OSM 6.3米）。乐有家：1991年建成、规划233户、板楼、建面52400㎡、车位218、绿化率19.08%、物业费1.2-1.5元；深圳都市圈：1992-2001年、4栋、车位200。注意深圳多个区都有“海滨花园”，中介页也用“海滨花园(宝安)”区分，本条已用宝安新安/上川站交叉确认。
311,玖玖颂阁,宝安区,新安街道,上川,12,157.4,15978,住宅小区,2023（2023-12交付；70年产权起算2018年11月）,379,5,89-133㎡ 三至四房（89㎡三房两卫三阳台为主打）,部分,无,确认,宝安新安街道新安四路与建安一路交汇处，12号线上川站旁。占地14000㎡（OSM 15978㎡）、建面104140㎡、容积率5.04、绿化率40%、梯户比2梯4-5户、精装交付、中熙物业、开发商深圳市俊弘星实业。70年产权明确（2018.11-2088.11），非商务公寓。
312,君钰府,宝安区,新安街道,上川,12,73.2,14779,住宅小区,2017竣工 / 2018-2019交楼,448（房天下）～554（百度百科）,3,84-119㎡ 2-3房,否,无,确认,全称“联建·君钰府”，宝安新安前进一路与同和路交汇处（沃尔玛旁），距12号线上川站约400米。占地9194.29㎡（OSM 14779㎡偏大）、总建面约77437㎡、容积率5.98、绿化率40%、70年产权、深圳市联建投资发展有限公司开发、联建物业。竣工口径：房天下2017-12-31，乐有家/中原“2019年”，百度百科“2019年竣工”，深圳都市圈“2018-2019年建成”。户数两说448/554。
313,雅然居花园,宝安区,新安街道,上川,12,2.0,12088,住宅小区,2004,555,未知,82.45㎡ 2房 / 96.42㎡ 3房 / 111.93㎡ 4房,否,未知,确认,宝安新安中心区34区前进一路331号（天虹商场旁），距12号线上川站约146米。开发商深圳市黄金台科技发展有限公司（与隔壁黄金台小区同一主体），祺晓物业，总建面63989.65㎡、容积率4.7、物业费2.3元、1梯4户、车位比1.08。四房仅111.93㎡，未达120㎡，故大户型判“否”。
314,兰花苑,宝安区,新安街道,上川,12,61.1,12063,住宅小区,1992（乐有家）/ 1998（房天下）,438,10,2房约70-80㎡、3房92-100㎡（在售房源91.3㎡三房、共7层）,否,未知,确认,宝安宝城34区，前进一路与上川路交汇处，距12号线上川站约299米。房天下：建面43000㎡、占地15404㎡、10栋438户、容积率2、绿化率40%、物业费0.8元、地上80车位。乐有家描述：共10栋、每栋2个单元，1-2栋8层、3-10栋更高，一梯两户/一梯四户。建成年份两说1992/1998。多层无电梯老小区。
315,泰华花园,宝安区,新安街道,上川,12,114.1,8994,住宅小区,1996,240,3,3房84-102.5㎡（84.3/85/86/102.5㎡三室两厅）,否,未知,确认,别称“泰华新村”，宝城30区前进一路路口/宝民一路一巷69号。房天下：竣工1996-07-20、占地8068㎡（与OSM 8994㎡吻合）、建面31200㎡、3栋240户、容积率3、物业费1元、地上130车位、泰华房地产（中国）有限公司开发、泰华物业。乐有家宗地口径24205.2㎡与房天下8068㎡冲突，取房天下（与OSM一致）。
316,水口花园宿舍楼,宝安区,新安街道,上川,12,143.2,6749,宿舍单位房,未知,未知,至少4（地图数据可见D、E、F栋等）,未知,未知,未知,推测,地址为“宝安区31区水口花苑九巷二号 31区水口花园宿舍楼D/E/F栋”，仅在地图POI库（城市吧city8、360地图）有记录，无任何中介小区页，说明基本不进入二手房流通——符合宿舍/单位房特征。名称本身即“宿舍楼”，与id305水口花园同片区。年代、户数、户型均查不到，全部记未知。仅摘要来源。
317,西城品阁,宝安区,新安街道,上川,12,195.7,6673,商务公寓,2008（房天下竣工2008-01-01；乐有家写2009年建成）,420（乐有家）～878（房天下）,2,35-42㎡ 单间/小两房，55㎡以上做到“4室”；出租房源见42㎡两室一厅,否,无,确认,宝安新安前进路与新安路交汇处（天虹后侧）。判为公寓的依据：①乐有家页别称“西城品阁公寓”；②房天下产权描述写“西城品阁酒店式公寓”；③建面20017.71㎡对应878户＝单套约23㎡，主力35-55㎡极小户型。房天下同时标注70年产权（深圳部分酒店式公寓确为70年住宅用地但按公寓设计），故严格说是“公寓型住宅/酒店式公寓”，不是普通70年住宅小区。占地6616.6㎡与OSM 6673㎡吻合。户数两个口径差一倍，未能定案。
318,旭仕达名苑,宝安区,新安街道,上川,12,53.1,4286,住宅小区,2002-2004,243,2,3房109-116㎡（109.3/116.29/116.65㎡三室两厅）,否,未知,确认,别名“都市丽舍”，宝安新安四路263-1号（前进天虹旁）。占地3645.2㎡（OSM 4286㎡）、2栋243户、车位140、开发商深圳市旭仕达房地产开发有限公司、北方物业。贝壳标注交易权属“商品房/房改房”，即含房改房成分。主力109-116㎡三房，接近但未达120㎡，大户型判“否”。
319,雅仕阁,宝安区,新安街道,上川,12,7.6,3766,住宅小区,2000（另有1999-2000口径）,190,2（A、B栋）,1房42-45㎡ / 2房49-52㎡ / 3房约115㎡（户型跨度大，以中小户型为主）,否,未知,确认,宝安30区前进路与上川路交汇处，紧贴12号线上川站（OSM 7.6米）。房天下：竣工2000-01-01、占地5480㎡、板楼、2栋190户、容积率2.3、物业费0.8元、70年产权、深圳市宝安区源丰实业发展公司开发；乐有家：建面14100.97㎡、容积率3.8。占地口径5480㎡ vs OSM 3766㎡。
320,天源花园,宝安区,新安街道,上川,12,94.2,2585,住宅小区,1992（乐有家）/ 1994（房天下、深圳都市圈）,132（乐有家）；房天下两条目分别写460户与104户，口径混乱,3,3房84-90㎡（84.3/85/88/90㎡）,否,未知,确认,宝安31区上川路42号（上川路与前进路交汇处）。房天下：建面33145㎡、3栋、容积率4、绿化率20%、物业费1.9元、西部地产开发、车位50个。户数三个来源三个数（132/104/460），无法定案。OSM地块仅2585㎡，明显只覆盖部分楼栋。
321,鸿荣源·熙龙湾（一期）,宝安区,新安街道,临海,5,159.4,58439,住宅小区,2008,935（乐有家规划户数）；房天下另写695户,8（乐有家）；房天下写14栋,125-193㎡三房、145-183㎡四房、193-200㎡+五房及复式,是,无,确认,房天下别名“熙龙湾花园一期/熙龙湾一期”，地址宝安中心区甲岸路2号（甲岸路与海秀路/兴华路交汇处），距5号线临海站约338米——与OSM“临海站、新安街道”一致。建面223000㎡、容积率2.98、鸿荣源开发、鸿荣源物业、物业费3.1元、东临深圳实验学校。二手均价约14.2万/㎡，宝中豪宅盘，大户型为主明确。
322,鸿荣源·熙龙湾（二期）,宝安区,新安街道,临海,5,172.2,50556,住宅小区,2009（竣工2009-06-27）,695（多来源一致）；房天下另有798户口径,5（乐有家）；房天下写7栋/9栋，口径不一,高层3/4/5房 + 复式 + 洋房；在售单位238-440㎡（248.7㎡六房、320㎡、440㎡九房等）,是,无,确认,宝安中心区甲岸路2号，熙龙湾一期东侧。总占地47583.59㎡（与OSM 50556㎡吻合）、总建面约14万-19.3万㎡（口径不一）、容积率3、绿化率30%、物业费3.1元、鸿荣源物业。与一期合计约40万㎡滨海豪宅社区。大户型为主明确。
323,筑巢(前海)公寓,宝安区,新安街道,兴东,5,109.3,3400,安居房人才房,未知（2023年前已投用）,1000+（抖音口径“一千多间”）,4,未知（宿舍/单间型公寓房间）,否,整体为租赁型人才/长租公寓,推测,地址宝安区创业二路461号，兴东地铁站C口步行70米——与OSM兴东站/新安街道一致。判定依据：①高德/城市吧POI分类为“商务住宅”；②深圳市宝安交通投资集团2024年发布《筑巢（前海）公寓一楼宿舍及屋顶临时板房自主公开招租公告》，说明产权/运营方为宝安交投国企；③自媒体称“筑巢公寓可以申请人才补贴”“四栋楼一千多间”“一楼架空停电瓶车”。综合看是国企运营的租赁型人才/长租公寓（保障性租赁住房性质），不是可售商品住宅，也不是普通70年住宅小区。均为摘要来源，无官方文件核实户数/年代，故confidence=推测。
324,遇见·美舍,宝安区,新安街道,兴东,5,173.7,3198,不确定,未知,未知,未知（OSM地块仅3198㎡，疑单体楼）,未知,未知,未知,推测,查无此盘。多轮检索（含精确引号、加“深圳/宝安/新安/兴东/公寓/楼盘”限定）在贝壳、乐有家、房天下、安居客、58、地图POI库中均未找到同名住宅项目；同名结果全部是外地美甲店/酒店类商户。判断为OSM上的非官方名称（可能是自建楼、长租公寓品牌名或商住单体的俗称）。所有字段记未知，type记不确定。若后续核实建议按坐标22.583523/113.911845（新安街道、5号线兴东站西南约174米）反查门牌。
325,福中福·幸福海岸,宝安区,新安街道,宝体,1,5.9,76146,住宅小区,2005（一期；整体分三期，2005-2008左右陆续交付）,一期规划632户；整体三期约28栋（房天下另一条目写595户/6栋，仅覆盖部分）,整体28栋（11-33层高层）；一期12栋,口径冲突：乐有家在售单位145-290㎡（六房、复式为多），安居客称整体为高层住宅围合布局；主力户型未能确证,部分,未知,单一来源,项目为宝安中心区N15地块，东南临罗田路、西南毗创业路，罗田路20号/宝源南路与罗田路交汇处，距1号线宝体站约292米——与OSM宝体站/新安街道一致。宗地104616.27㎡、总建面412850㎡、分三期、28栋11-33层、绿化率51%、容积率2.18、福中福地产开发、开元国际物业。OSM地块76146㎡小于整体宗地，应只覆盖部分期数。户型：乐有家在售房源145-290㎡偏大，但这是挂牌样本偏差，无法据此断定主力户型，故大户型只记“部分”。
326,泰华·君逸世家,宝安区,新安街道,宝体,1,0.0,24934,住宅小区,2006（房天下）/ 2007（乐有家）,863,3,5房 136-189㎡（136 / 160.26 / 161-169 / 188.88㎡）,是,未知,确认,房天下条目名“君逸世家”，别名“泰华君逸世家”；乐有家条目名“君逸世家花园”。地址新湖路与罗田路交汇处/罗田路18号，宝安中心区，OSM距1号线宝体站0米。占地约24000㎡（与OSM 24934㎡吻合）、总建面142762㎡、3栋863户、塔楼、容积率3.78、绿化率20%、车位814、物业费2.8元、泰华房地产（中国）有限公司开发、泰华物业。主力5房136-189㎡，大户型为主明确。
327,金成时代家园,宝安区,新安街道,宝体,1,165.5,19934,混合,2005（竣工2005-03-19）/ 乐有家写2006,760（另有760-776口径）,3,80㎡ 2房 / 89㎡ 3房 / 127-138㎡ 4房,部分,有（乐有家标注产权性质含“经济适用房”）,确认,宝安中心区新湖路与罗田路交汇处/罗田路16号，OSM距1号线宝体站约166米。房天下：竣工2005-03-19、占地25000㎡、70年产权、金成地产集团开发；乐有家：3栋760户、建面141912.5㎡、容积率4、产权性质“商品房、经济适用房”；百度百科：2005年建成、760-776户、金海景物业。因含经济适用房成分，type记混合、resettlement记“有”。127-138㎡四房占一定比例，大户型记“部分”。
328,第五大道高发西岸花园,宝安区,新安街道,宝安,11,7.7,79126,住宅小区,2006-2011（分三期；房天下竣工2006-10-28，安居客称2011年竣工）,1600,17栋20个单元（均24-30层高层）,一期以刚需中小户型为主，三期为纯大户型；整体跨度大,部分,未知,确认,宝源南路201号 / 罗田路与创业路交汇处，宝安中心区，OSM贴11号线宝安站（7.7米）。占地83329.4㎡（与OSM 79126㎡吻合）、17栋20单元、总户数1600、车位2000、电梯配比2梯2-4户、另有3.8万㎡商业及文化中心/青少年活动中心/幼儿园、深圳市高发投资控股开发。分三期：一期刚需、三期纯大户型，故大户型记“部分”。安居客条目名“第5大道高发西岸花园”。
329,华侨城·宝辰,宝安区,新安街道,宝安,11,47.0,2151,写字楼商业,未知（2022年9月获批预售，2025-2026年作为现房在售）,641套备案（办公类141套 + 商业类500套）,1（OSM src=楼栋，面积2151㎡，单体塔楼）,办公/商办单位，见274㎡大单位；无住宅户型,否（非住宅，不适用）,无,单一来源,重要纠错：这是商办项目，不是住宅。房天下新房动态明确“2022年9月9日获批预售，总共备案641套房源（办公类141套，商业类（裙楼及半地下商业）合计500套）”，即备案中没有住宅/公寓类；营销口径自称“2025年深圳商办公寓销量NO1”，单价约4.29万起，属公寓式办公（商办），不带住宅产权与学位。位于宝安中心区区政府附近，OSM距11号线宝安站47米。建议从“住宅性用地”清单中剔除。年代未获权威交付时间，故记未知。
330,龙光·天悦龙庭,宝安区,新安街道,宝安中心,1/5,92.3,46258,住宅小区,2005,约1320,3,92-93㎡ 2房 / 100-126㎡ 3房 / 140-155㎡ 4房,部分,未知,单一来源,同名混淆提醒：全国检索“龙光天悦龙庭”绝大多数结果指向成都锦江区柳河路139号的成都项目（2013年竣工），与本条无关。本条为深圳宝安中心区“天悦龙庭”（创业路北、新湖路东侧），龙光地产开发，OSM距1号线/5号线宝安中心站约92米，位置一致。乐有家：2005年建成、3栋、约1320户、占地约58250㎡（OSM 46258㎡）、商品房、住宅+商铺+车位。仅乐有家一个可用来源，故confidence=单一来源。
331,宏发领域,宝安区,新安街道,宝安中心,1/5,0.0,37412,混合,2007,1599(乐有家规划户数)；链家1354/1595、另一口径1147，口径不一,9,一房/二房公寓+三房板楼复式+四房/五房，在售面积13-170㎡,部分,未知,确认,宝安中心区综合体：住宅+写字楼(宏发中心大厦/宏发领域4号楼)+商铺+小面积公寓并存，乐有家物业用途明确列'住宅|写字楼|商铺|车位'，故判混合而非纯住宅小区。在售最小13㎡说明含公寓/办公散售。户数各平台差异大。
332,丽晶国际,宝安区,新安街道,宝安中心,1/5,152.4,19267,住宅小区,2005,903(乐有家规划)；另一口径1034,7,2-3房为主，90-165㎡,部分,未知,确认,别名/原名'德业新城花园A区'，开发商深圳市德业基投资。新城大道与创业西路交汇，宝安新城中心区。7栋高层半围合，建面约14万㎡。名字带'国际'但为70年产权普通住宅。
333,金泓·凯旋城,宝安区,新安街道,新安,1,36.1,141549,住宅小区,2006,2870,11(一期8+二期3),2-6居，79-185㎡,部分,未知,确认,新安一路20号，开发商深圳市屹海达实业。容积率约3.8，绿化率35%。分一期二期，乐有家另有'金泓凯旋城二期'独立条目。
334,润恒·都市茗荟花园(二期),宝安区,新安街道,新安,1,158.3,34424,住宅小区,约2021-2022(2016-12取得建设许可，具体交楼年未确认),724,5(住宅A-E座)+2层底商+独立幼儿园1栋,3-5房，87/120/143㎡,部分,未知,单一来源,仅摘要。甲岸路5号(甲岸路与新湖路交汇，1号线新安站旁)，开发商深圳润恒集团。搜'都市茗荟 旧改/回迁/城市更新'未见任何城市更新或回迁记录，故回迁一栏写未知而非'有'。交楼年份未在任何来源中直接给出。
335,润恒·都市茗荟花园(一期),宝安区,新安街道,新安,1,149.9,23956,住宅小区,2019,413,未知,3房为主；小于90㎡户型214户占51.81%,部分,未知,单一来源,仅摘要。2014-12-16取得建设许可，2019年建成。被开发商宣传为'前海湾区豪宅'，但过半户型<90㎡，属刚需+改善混合，非大户型盘。
336,鸿荣源·西岸观邸,宝安区,新安街道,新安,1,157.3,22564,住宅小区,2007,865(乐有家861),7(28-29层塔楼，3梯5户),47-141㎡，高赠送产品(102㎡报6室3厅、93-99㎡报6室2厅)，主打刚需+改善,部分,未知,确认,甲岸路与新湖路交汇，距1号线新安站约200m，开发商深圳鸿荣源房地产。占地约2.54万㎡、总建面12.16万㎡、容积率4.8、绿化率30%、车位728个、物业费2.80元/㎡。'50㎡做3房'的极端赠送盘，房本面积远小于实用面积，故large_unit按房本面积判'部分'。
337,云玺锦庭,宝安区,新安街道,新安,1,0.0,19281,住宅小区,2019,382(规划户数),未知,3房2厅/4房，约119㎡为主,部分,未知,确认,全称亦作'榕江云玺锦庭'，开发商深圳市榕江实业，物业深圳市榕御汇物业。新安街道新湖路与甲岸路交汇，占地约1.5万㎡、建面107219.87㎡、容积率3.75、绿化率40.3%、车位565个。搜'回迁/旧改'无结果。
338,灵芝园,宝安区,新安街道,新安公园,12,84.0,132575,住宅小区,1985-1987,1864(安居客)；另一口径约1931,66(另一口径),小户型居多，多层老公房,否,未知,确认,OSM名'灵芝园'实为宝安19区的'灵芝园新村'(又称灵芝新村)，安居客竣工1985/1985-01/1987，1864户，70年产权，开发商深圳市宝安广信房地产开发公司，物业新银物业。注意同名混淆：新安街道另有一个叫'灵芝园'的社区(1994年成立，人口3.2万)，那是行政社区名不是小区；本条按坐标+新安街道+新安公园站交叉确认为老住宅区。
339,新安湖花园,宝安区,新安街道,新安公园,12,131.2,90479,住宅小区,1990-2005(一期1990、二期1999、三期2005),约2455(整体)；一期868-960、二期885-900、三期400,34(整体)；一期8、二期4,一期78.88-123㎡三/四房；二期115-160㎡五房等大户型,部分,未知,确认,"口径问题：吉屋按整体口径给34栋2455户、70年产权、容积率3.5，乐有家按分期给一期(1990,8栋,868户,兴华二路188号/前进一路与兴华二路交汇)、二期(1999,4栋,885-900户,宝安8区)、三期(2005,400户)。百科另称一期1993年竣工、二期2002年，与乐有家1990/1999有出入。OSM单一地块90479㎡可能只覆盖一/二期。"
340,御景台,宝安区,新安街道,新安公园,12,61.1,38039,住宅小区,2002,754(安居客)；另一口径1249,6(另一口径),2房/3房/4房,部分,未知,确认,前进一路53号(前进一路与新安二路交汇)，开发商深圳市鸿荣源企业发展(集团)，物业开元国际。安居客竣工2002年/2002年7月、754户、70年产权；另有资料称2003年建成、6栋1249户、占地9万㎡建面15.38万㎡——占地9万㎡与OSM 38039㎡差距大，该口径可疑。紧邻宝安中学。
341,湖景居,宝安区,新安街道,新安公园,12,0.0,4848,住宅小区,2000,300,2,4房为主，124-147㎡,是,未知,单一来源,前进路与新安二路交汇，开发商深圳恒丰房地产。仅乐有家一源。地块4848㎡/2栋/300户，是本批少数明确以四房大户型(124-147㎡)为主的小盘。
342,海信花园,宝安区,新安街道,新安公园,12,0.0,4471,混合,1997,170(规划户数),未知,55㎡两房、86.8㎡三房,否,未知,单一来源,宝安6区前进一路87号，开发商深圳市宝安广信房地产开发公司，容积率5.5、物业费0.80元/㎡、绿化率30%。乐有家明确标'50年产权'+'住宅|商铺'，若属实则为商住性质而非70年普通住宅，故判混合；但仅此一源，未能二次核实，判定可能有误。距12号线新安公园站约106米。
343,宝安6区,宝安区,新安街道,新安公园,12,137.4,3416,不确定,未知(推测1980-1990年代),未知,未知,未知,否,未知,推测,口径问题：'宝安6区'不是楼盘名，是新安街道的片区数字代号(街道内小区自1区编到74区，源自1980年代规划图标记)。OSM把一块3416㎡的老住宅地块直接标成了片区代号，无法对应到具体小区。海信花园、大观园小区的地址也都写'宝安6区'。除区位常识外无任何直接资料，全部字段按推测处理。
344,新安湖别墅区,宝安区,新安街道,新安公园,12,111.2,3391,住宅小区,未知,未知,未知,未知(推测别墅/低层),是,未知,推测,贝壳/安居客/乐有家/房天下均查不到'新安湖别墅区'独立小区条目，只有'新安湖花园'一/二/三期。3391㎡的地块、名称含'别墅'，推测为新安湖片区内的低层别墅/双拼组团(可能属新安湖花园配套别墅)。large_unit按'别墅'常识推测为是，无数据支撑。
345,大观园小区,宝安区,新安街道,新安公园,12,111.6,1098,住宅小区,1990,未知,未知(推测1-2栋),未知,否,未知,单一来源,地址宝安6区新圳东路，1990年建造(焦点网单一来源)。地块仅1098㎡，应为单体或两栋老楼。'大观园'全国同名极多(北京、南京等)，已按宝安区新安街道+宝安6区新圳东路交叉确认；乐有家上该名条目标注'(重复)'，说明其数据库里也存在同名混录。
346,华联·城市全景,宝安区,新安街道,洪浪北,5,104.0,30063,混合,2016-2018,2047,7栋37-47层住宅+1栋商务公寓,大户型居多(安居客标签)；项目含1房起小面积公寓,是,未知,确认,创业二路101号(创业二路/创业路与公园路交汇，宝安27区)，开发商华联控股，物业华联物业。安居客：竣工2016年/2018年、2047户、70年产权、住宅、'大户型居多'。规划7栋超高层住宅+1栋商务公寓+商业，故判混合。分期名含'壹号''和廷'(和廷2016-06开盘)。冲突已排除：链家资讯页称'华联城市全景壹号由华联控股于2005年建成、8栋2043户'，与安居客竣工年份及和廷开盘时间矛盾，且2043≈2047疑为同一数据被误配年份，判2005为错。华联工业区自有用地更新，网络出现过'华联城市全景花园公租房'提法但未能证实是否含保障房，故回迁/保障一栏写未知。
347,勤诚达·22世纪和园,宝安区,新安街道,洪浪北,5,121.8,25313,住宅小区,约2012-2017(分期，和园具体交楼年未确认),未知(整体一期1395户、三期470户；和园单期户数未查到),未知,2/3/4/5/6居，70-201㎡；二手在售以83-104㎡三房为主，另有187-201㎡五六房,部分,未知,单一来源,仅摘要。宝城22区公园路与创业路交汇(5号线洪浪北站)，开发商深圳市瑞恒投资发展/勤诚达集团。乐有家标'2012年建成、住宅|写字楼|商铺、商品房'；一期1395户容积率5.49；三期'勤诚达前海世界'2020年竣工470户(安居客cm1082631)。分期口径冲突：头条摘要称二期=和园，深圳房地产信息网称二期=勤诚达悦园——和园/悦园谁是二期未能确认。70年产权、宝安中学学区房(2020年'宝中学位危机'文章将和园、悦园与中洲、华联城市全景并列为宝中学位房)。
348,勤诚达·22世纪悦园,宝安区,新安街道,洪浪北,5,19.7,16579,住宅小区,约2012-2017(分期，悦园具体交楼年未确认),未知,未知,3/4/5居，86-174㎡(二期口径),部分,未知,推测,仅摘要，且悦园单期数据始终查不到。张冠李戴风险高：搜'勤诚达悦园'主要命中光明区的'勤诚达正大城悦园'(安居客cm1295988，光明光侨路，2020/2021/2023竣工，1526户)——那是另一个项目，不能混用。本条按坐标(洪浪北站19.7m)+新安街道+2020年宝中学位房文章同时提到'勤诚达22世纪和园、悦园'确认宝安确有悦园分期，属70年产权住宅、宝安中学学区，其余字段沿用22世纪整体口径推测。
349,玺玥华府,宝安区,新安街道,洪浪北,5,163.0,8891,住宅小区,约2023-2024(2021-09开盘、2022-05主体封顶；房天下标'竣工2021年'存疑),未知,未知,约95/120/128㎡；含两房改三房产品,部分,未知,单一来源,仅摘要。创业二路与新安三路交汇(5号线洪浪北D出口)，亦作'宝安宏发玺玥'，开发商宏发。关键背景：项目原名'凸版印刷工业区城市更新项目'，即工改居城市更新，2022年5月主体结构封顶。因此房天下'竣工时间2021年'不可能成立(2021年9月才开盘打新)，交楼应在2023年前后。工业区旧改的原权利人是企业而非村民，通常不产生村民回迁住宅，但无文件证实，回迁一栏保守写未知。勿与同片区'玺玥麓坊'(2024新盘)、'宏发玺玥大厦'(写字楼+商铺481套)混淆。
350,兴安楼,宝安区,新安街道,洪浪北,5,121.6,4498,不确定,未知,未知,未知(推测1-2栋),未知,未知,未知,推测,查无任何公开楼盘/小区资料(贝壳、安居客、乐有家、房天下、幸福里、头条搜索均无命中)。仅有的依据：名称是'楼'而非'花园/苑/城'、地块4498㎡、位于洪浪北站121米、新安街道老城片区——推测为1990年代前后的老式住宅楼或单位楼。所有字段均无来源支撑，不做进一步猜测。
351,惠中家属楼,宝安区,新安街道,洪浪北,5,56.2,2198,宿舍单位房,未知,未知,未知(推测单体),未知,未知,无,推测,查无公开楼盘资料。判定依据仅为名称——'家属楼'在深圳特指单位/企业职工家属宿舍，非商品住宅小区；地块2198㎡属单体规模。resettlement写'无'的含义是：单位家属楼不属于旧改回迁或安居房体系，但这同样是名称推断，非文件证实。此类房源通常无独立产权或为福利房，不宜计入商品住宅统计。
352,中洲华府,宝安区,新安街道,灵芝,12/5,157.6,85292,混合,2012-2015(一期2013、二期2012.3/2015),一期2111 + 二期1356 = 约3467(项目'大一期'另一口径约2090户),未知,88-92㎡三房为主，另有134-142㎡三房/大户型；二期安居客标'大户型居多',部分,未知,确认,即'中洲中央公园'的住宅部分(别名/关联名：中洲中央花园、中洲中央公园一期/二期、繁花国际)，创业路与前进路交汇，开发商深圳市中洲宝城置业。判混合的原因：项目自述总体量近百万㎡，大一期占地9万㎡/建面40.6万㎡中，商业逾8万㎡、超高层公寓5万㎡、住宅约26万㎡——公寓与商业占比很高。OSM单一地块85292㎡≈'大一期'占地9万㎡，故本条实际覆盖一期+二期。距5号线灵芝站不足百米，宝安中学本部学区。
353,冠城世家,宝安区,新安街道,灵芝,12/5,116.2,73052,住宅小区,2003,1113,未知,户型丰富，含顶层复式；安居客未标小/大户型倾向,部分,未知,确认,兴华二路73号(前进路、创业路与兴华路交汇，南临宝安区政府)，开发商泰华房地产(中国)有限公司，物业深圳泰华物业。安居客竣工2003年/2003年3月、1113户、70年产权、住宅。内部有游泳池、篮球场。学区新安湖小学/宝城小学。
354,裕安花园,宝安区,新安街道,灵芝,12/5,28.0,47780,住宅小区,1989-1991,910,未知,小户型居多(安居客标签),否,未知,确认,安居客名'裕安花园(宝安)'，竣工1989年/1990年3月/1991年，910户，70年产权，开发商'宝安区建设局 深圳市宝恒(集团)股份有限公司'，物业新银物业。位于创业二路与前进一路一带宝安老商业街区，邻冠城世家。同名注意：深圳多区有'裕安'相关命名，安居客本身用'(宝安)'后缀区分；本条按新安街道+灵芝站28米交叉确认。早期由区建设局+国企开发，不属于旧改回迁，但也非现行安居房/人才房体系。
355,万科大都会,宝安区,新安街道,灵芝,12/5,176.5,27807,住宅小区,2023,579,未知,未知,未知,未知,单一来源,安居客正式名'万科大都会家园'，竣工2023年12月、579户、70年产权、住宅、民用水电，开发商'中国中电国际信息服务有限公司'、物业深圳市万科物业。开发商是中电系而非万科自有地块(万科操盘/代建+物业)，属中电自有用地开发，非村民回迁。注意：深圳'XX家园'后缀常见于人才房/安居房命名，但安居客明确标70年产权商品住宅、且2021年有'万科大都会打新'报道(即商品房摇号)，故按商品住宅处理；是否含配建人才房未查到，故回迁/保障写未知。户型数据未查到。
356,中粮大悦城·天玺壹号,宝安区,新安街道,灵芝,12/5,149.7,20432,住宅小区,2017-2018,946,未知,小户型居多(安居客标签)；租赁在售可见121㎡四房,否,未知,确认,各平台名称写法不一：安居客'中粮天悦壹号'、幸福里'大悦城天玺壹号'、OSM'中粮大悦城·天玺壹号'——同一小区。新安二路，安居客竣工2017年/2018年6月、946户、70年产权、住宅、民用水电，开发商中粮地产(集团)开发股份有限公司、物业中粮地产集团深圳物业。学区宝城小学。
357,中粮大悦城·铂悦,宝安区,新安街道,灵芝,12/5,113.4,17909,商务公寓,2024,未知(安居客录为0户，未填),未知,未知(公寓产品，安居客标'卧室全朝南/厨卫全明/南北通透'),否,无,确认,关键：安居客明确标'物业类型 商住楼、产权时间 40年、供水供电 商用'，竣工2024年9月，开发商中粮地产发展(深圳)有限公司。这是本批中唯一被权威平台明确认定为40年产权商办性质的条目，应从'住宅性用地'清单中剔除或单列。OSM把它标成住宅是误标。不带学位。
358,富达工业区宿舍,宝安区,新安街道,灵芝,12/5,138.4,10574,宿舍单位房,未知,未知,未知,未知,否,未知,推测,查无公开楼盘/小区资料(仅搜到'深圳市宝安区富达厂'的关联搜索词)。判定完全基于名称——'工业区宿舍'即厂区职工宿舍，非商品住宅小区，通常无独立产权、不带学位。10574㎡地块位于灵芝站138米。应从商品住宅清单中剔除或单列。
359,玖悦雅轩,宝安区,新安街道,灵芝,12/5,27.8,6099,混合,未知,未知,未知,三房约104.1㎡(房天下二手房源),否,未知,单一来源,仅摘要，无任何房产平台小区详情页。位置：宝安区创业二路/前进一路，灵芝地铁站C1出口。判混合的证据：商业裙楼1层及3-5层为'瑞思&BEEPLUS'联合办公中心，多家公司(蓝鲨互动、远丰电商、光环国际)把注册/办公地址写在'玖悦雅轩'楼内；同时房天下有'玖悦雅轩 正规三房 宝中书包(学位) 104.1㎡'二手房源，说明确有70年产权住宅部分。6099㎡小地块的住宅+商业+办公综合体。建成年份、户数、栋数均查不到。注意同名混淆：深圳另有龙华'龙光玖悦台'、'玖悦澜湾'等，与本条无关。
360,都市翠海华苑,宝安区,新安街道,灵芝,12/5,55.4,3559,住宅小区,2004,486,未知,小户型居多；最小约19-20㎡一房,否,未知,确认,创业二路与前进一路交叉(灵芝地铁站口)，开发商深圳市富居实业，物业深圳市中民物业。安居客竣工2004年、486户、70年产权、住宅、有电梯。3559㎡地块塞486户，是典型极小户型高密度盘；2019年曾被报道19㎡一房成交410万(单价21.6万/㎡)，属宝安中学学位驱动的极端小户型交易，不代表居住品质。
361,翡翠华庭,宝安区,新安街道,灵芝,12/5,112.7,2294,住宅小区,2003-2011,142,未知,小户型居多(安居客标签),否,未知,确认,前进一路与创业二路交叉(灵芝地铁站口)，开发商深圳市深信西部房地产，物业深圳市西部物业。安居客有两个ID(cm370644/cm95200)指向同一小区、数据一致：竣工2003年+2011年(疑分两期或后期加建)、142户、70年产权、住宅。地块仅2294㎡，小体量。安居客把商圈标为'宝安-宝安中心区'，OSM按新安街道/灵芝站，同一位置。
362,海天花园,宝安区,新安街道,翻身,5,115.4,13381,住宅小区,未知,未知,未知,未知；存在多层住宅与双拼别墅两类产品,部分,未知,推测,仅摘要，抓不到详情页。地址翻身路362号(5号线翻身站)，二手均价约4.0-5.2万/㎡。产品形态从关联搜索词可判：'海天花园多层小区环境''海天花园双拼''海天花园别墅区''海天花园一楼带车库'——多层+双拼别墅混合，故large_unit判'部分'。另有'海天花园拆迁计划''佳兆业进驻翻身路海天花园'等搜索词，疑为旧改意向片区，但无任何城市更新计划文件可证实，resettlement写未知。同名警告：深圳/外地多个'海天花园'，本条已按翻身路362号+翻身站交叉确认。
363,海云轩,宝安区,新安街道,翻身,5,138.9,9252,不确定,未知,未知,未知,未知,未知,未知,推测,全字段查不到。贝壳、安居客、乐有家、房天下、幸福里、头条搜索对'海云轩'+深圳/宝安/新安/翻身均零命中。9252㎡地块，翻身站138.9米。怀疑OSM用的是旧名、俗称或开发商内部项目名，需实地或用坐标反查规划名才能确认。不做任何猜测性填写。
364,洪福雅苑,宝安区,新安街道,翻身,5,0.0,8832,住宅小区,2000-2001,188,5,大户型为主，二手/出租多为125-262㎡（含被分割成6室的大平层）,是,无,确认,乐有家记2000年建成、188户、5栋、总建面6.2万㎡、商品房；深圳都市圈记2001年、5栋、156车位；吉屋记191户。建面6.2万㎡/188户，单户面积明显偏大。5号线翻身站C出口约109米。
365,富源商贸中心,宝安区,新安街道,翻身,5,6.8,8029,混合,2002,320,4,3房2厅约109-126㎡，另有138㎡/180㎡大户,是,无,确认,名为“商贸中心”，实为商住综合体：4栋塔楼联体+约2万㎡商业裙楼，乐有家物业类型列住宅/写字楼/商铺，产权性质商品房（住宅部分70年）。总建面6.31万㎡、容积率5.48。5号线翻身站约188米。
366,怡景花苑,宝安区,新安街道,翻身,5,180.3,6535,住宅小区,2004,88,7,2-3房 51-80㎡,否,无,单一来源,仅搜索摘要（百度百科+安居客小区页摘要，数据可能同源）：深圳经济特区房地产(集团)开发，2004年竣工，88户、约7栋小高层，容积率1.5、绿化30%、物业费0.8元。百科地址写“宝安区翻身路翠竹路”，板块标注“翻身”，与OSM位置（新安街道翻身站西侧）一致，同名混淆风险已排查（罗湖黄贝岭“怡景花园”为1983年别墅区，非本条）。
367,宝新花园,宝安区,新安街道,翻身,5,67.0,6256,住宅小区,1997-1999,188,3,4室2厅/5室2厅 95-140㎡,是,无,确认,乐有家：1997年、188户、3栋、总建面3.44万㎡、容积率2.37、52车位、商品房、新政房地产开发；深圳都市圈：1997-1999年、3栋、200车位。另有搜索摘要称“688户”，与3.44万㎡建面（约183㎡/户）明显矛盾，未采用。5号线翻身站约164米。
368,富御花园,宝安区,新安街道,翻身,5,92.8,3354,不确定,未知,未知,未知,未知（租房信息显示两房一厅约75㎡+大露台）,未知,未知,推测,贝壳/乐有家/安居客/房天下/深圳都市圈均无该小区档案，仅有租房与地图条目：地址“宝安44区52栋 富御花园”，距5号线翻身站B口约50-100米。OSM占地仅3354㎡，疑为单体住宅楼或楼栋俗称。需注意与“富源花园”（翻身路91号，1998-2002年、10栋）区分，二者相距约200米，不排除OSM名称有误。
369,正大安大厦,宝安区,新安街道,翻身,5,88.1,1785,宿舍单位房,未知,未知,1,未知（在售多为3房）,未知,未知,单一来源,乐有家收录名为“正安大厦”（宝安区翻身路与创业路交汇口，距5号线翻身站189米），产权性质明确标注“自建房（集资房）”，即单位/集资建房而非商品房；建成年代、户数、栋数均无数据。OSM“正大安大厦”疑为俗称或旧名。OSM占地仅1785㎡，单体楼。
370,鸿荣源·珈誉府2区,宝安区,新桥街道,塘尾,11,171.6,40501,住宅小区,2024-2025,2479-2578,5-6,3-4房 76-120㎡（另有155/181㎡大户在其它分区）,部分,无,确认,乐有家登记名“珈誉时尚花园2期”（坐标与OSM点位相距约45米）：建筑年代2024、2479户、总建面40.53万㎡、容积率5.42、商品房、鸿荣源开发、物业费5.9元、11号线塘尾站约301米。营销资料称二区产权2022.5-2092.5（70年）、交楼2025年12月、总户数2578户、约76-120㎡3-4房。
371,鸿荣源·珈誉府6区,宝安区,新桥街道,塘尾,11,130.3,34464,安居房人才房,2025,1729（共有产权配售房源总数，六区单区户数未单独披露）,未知,两房68-80㎡为主（1384套两房+346套三房）,否,无,确认,乐有家登记名“珈誉未来花园（六区共有产权）”，别名明确写作“珈誉府六区”，坐标与OSM点位相距约50米。这是深圳首个共有产权房项目：2024年11-12月网上申购，配售1729套、均价23740元/㎡（约市价5折）、封闭流转，预计2025年12月31日交付。属保障性住房而非普通商品房，无普通商品房学位/流转属性。
372,鸿荣源·禧园,宝安区,新桥街道,沙井,11,16.8,60236,住宅小区,2009（一说2008-2011分期）,971（一说1012）,5,二房78-217㎡、三房78-186㎡、四房90-161㎡，主力约90-140㎡,部分,无,确认,乐有家：2009年、971户、5栋、总建面16.81万㎡、容积率2.4、1430车位、商品房、鸿荣源开发；深圳都市圈：2008-2011年、5栋、1700车位、权属“商品房/使用权”；百度百科：2009年建成、971户（另页1012户）。11号线沙井站约238米。
373,麒麟名都,宝安区,新桥街道,沙井,11,192.3,18399,城中村改造,2015,1305-1350,8,两房84-95㎡、三/四房136-143㎡、大四房156㎡及少量顶层复式,部分,有回迁房,确认,实为沙井（新桥）沙头村委统建楼／小产权房，非商品房红本：乐有家产权性质“自建房（集资房）”、开发商与物业均为“沙头村委”，2015年、规划1350户、容积率5.6、1300车位；小产权中介站与深圳都市圈均记8栋、1305户。个别源写“竣工2003年”，与2015年冲突，疑为错误数据。11号线沙井站约200-380米。
374,鸿达兴花园,宝安区,新桥街道,沙井,11,161.8,7621,住宅小区,2009-2010,478-480,4,未知,未知,未知,单一来源,产权口径冲突，需以红本核实：乐有家标产权性质“自建房（集资房）”、物业“万丰物业”（万丰村股份公司），2010年、478户、4栋、总建面3.31万㎡、容积率1.6、418车位；深圳都市圈与百度百科则标“商品房/普通住宅”，2009-2010年、4栋、420-480户。位于沙井中心区佳华商场旁，11号线沙井站约343米。
375,中海西岸华府北区,宝安区,松岗街道,朗下,12,165.7,96093,住宅小区,2007-2008,约2100（北区；全盘南+北约3490户）,14-15,全盘54-178㎡，2-5房，主力约80-120㎡,部分,无,确认,中海地产开发、中海物业。乐有家把南北合并为“中海西岸华府”：2007年、3490户、总建面25.5万㎡、容积率2.5、3000车位、商品房；深圳都市圈北区：2007-2008年、15栋、3000车位；焦点网北区：14栋、2108户、2008年。栋数/户数各源有差异。12号线松岗站约262米（OSM按朗下站165.7米）。
376,中海西岸华府南区,宝安区,松岗街道,朗下,12,179.7,45354,住宅小区,约2004（一说1998-2011分期）,约1600,8,54-178㎡，2-5房,部分,无,单一来源,建成年代口径冲突：焦点网南区“8栋1600户、2004年建成”；深圳都市圈南区“1998-2011年、8栋、3050车位”（跨度过大，疑为分期或数据污染）；乐有家仅有合并条目记2007年。中海地产开发。
377,溪头8区,宝安区,松岗街道,松岗,11/6,79.3,51578,城中村改造,未知,未知,未知（租房信息显示多栋18-23层电梯楼）,单间约25-30㎡、一房一厅、少量三房，以小面积出租为主,否,未知,推测,仅摘要。实为松岗街道溪头社区“溪头八区”（松环路一带）城中村自建/统建楼群，58/安居客把它当“小区”收录但只有租房房源（1100-1600元/月单间），无商品房档案、无建成年代与户数。乐有家仅有“溪头八工业区西六巷13号楼”这类单栋条目。另有“松岗溪头村工业区改造项目”（宏发地产，2011年专项规划过会、2021年实施主体公示，拆迁范围36100.1㎡）但对象是工业区，不能等同本住宅片。
378,新世界·松风明月花园,宝安区,松岗街道,松岗,11/6,15.0,46551,住宅小区,2024（2023年6月开盘、2024年6月交房；乐有家建筑年代记2020）,1952,8,3-4房 73/89/95/114/126㎡,部分,无,确认,新世界中国开发、新世界物业。乐有家：1952户、8栋量级、总建面18.663万㎡、容积率4.88、1569车位、商品房、物业费3.8-4.9元；吉屋：1952户、8栋、建面186630㎡；房产超市：2023-06-20开盘、2024-06-05毛坯交房。乐有家“建筑年代2020”疑为开工/报建年份。6/11/12号线松岗站约430-520米（OSM按松岗站15米，为出入口口径差异）。
379,松河瑞园,宝安区,松岗街道,松岗,11/6,141.5,41290,住宅小区,2015-2017（二期）／2015-2019（一期）,2031,5（每期各5栋）,40㎡一房至约90㎡四房，主力约80-90㎡三/四房,否,有回迁房,确认,OSM点位（溪头工业四路）对应二期，与一期紧邻约100-200米。乐有家：2017年、2031户、总建面25.99万㎡、容积率4.9、1500车位、商品房；深圳都市圈把一期权属标为“商品房/动迁安置房”（2015-2019年、5栋、1800车位），二期为纯商品房（2015-2017年、5栋、1212车位）——即整体含动迁安置（回迁）房源。11号线/6号线松岗站约337-357米。
380,沙浦一村永兴花园,宝安区,松岗街道,松岗,11/6,127.8,37088,城中村改造,未知,未知,未知,单间/一房一厅/两房，20-45㎡为主,否,未知,推测,仅摘要。位于松岗街道沙江路“沙浦一村”（沙浦围），58同城/安居客有小区租房页但只有出租房源（单间1800-6800元/月、20-45㎡），无建成年代、户数、栋数与产权信息，也查不到旧改立项。判定依据：村名+地址+全小面积出租房源结构，实为村内自建/统建出租楼群，非商品房小区。
381,御溪城,宝安区,松岗街道,松岗,11/6,167.0,13124,城中村改造,2011,300（乐有家）／820（百度百科）,8,未知,未知,有回迁房,确认,集资统建楼（小产权）性质由两个独立来源确认：乐有家产权性质“自建房（集资房）”（2011年、300户、总建面10.74万㎡、容积率4.2、600车位、物业费2.1元），百度百科/焦点网称“集资统建楼项目，规划8栋住宅、共820户、总建面约13万㎡”。户数两源差异极大，未取单一值。6/11号线松岗站约373-378米。
382,新城市广场,宝安区,沙井街道,步涌,12,126.1,20138,住宅小区,未知,未知,7,未知,未知,未知,单一来源,"深圳都市圈小区档案（沙井街道共和社区，新和大道173号）：交易权属“商品房”、房屋用途“普通住宅”、7栋、500车位、容积率3.2、绿化20%、建筑类型塔板结合；建成年代与总户数无数据。已用坐标(22.7611,113.8030)交叉核对确认是沙井步涌站旁这一个，排除与龙岗赛格新城市广场、龙华新城市花园等同名项目混淆。名含“广场”但官方用途登记为普通住宅。"
383,蚝三丰泽园,宝安区,沙井街道,沙蚝,12,6.0,66273,城中村改造,2009,462,25,低层步梯洋楼+高层电梯混合，含五房等大户型,部分,有回迁房,确认,蚝三村委统建楼：房天下小区档案记建筑年代2009、普通住宅、462户、绿化率65%、容积率2.4，开发商与物业公司均为“深圳市沙三合作股份有限公司”（村股份合作公司）；租房实勘描述明确写“隶属蚝三村委统建，有低层步梯洋楼、有高层电梯住宅，自带泳池、地库”；深圳都市圈记25栋、231车位（无年代、无权属标签）。12号线沙蚝站就在门口（OSM 6米）。
384,新苑雅筑,宝安区,沙井街道,沙蚝,12,29.1,35587,不确定,2011,70／300／840（三个来源互相冲突）,70（房天下“楼栋总数70栋”，与“独栋别墅”说法一致）,口径冲突：一说独栋别墅（容积率0.5、绿化45%），一说小高层；出租曾见451㎡七室三厅,未知,未知,推测,数据严重冲突，请勿直接采用。百度百科：“位于沙井街道西环路与蚝乡路交叉处的独栋别墅，鸿荣源集团开发，2011年竣工，物业类型别墅”；房天下同一小区不同页分别给“房屋总数70户/300户、楼栋总数70栋、占地18950㎡、70年产权、竣工2011-01-01”；第三方页给“总户数840、建筑类型小高层”。占地18950㎡与OSM 35587㎡不符。乐有家、深圳都市圈均无此小区档案。需实地/红本核实。
385,康城花园,宝安区,沙井街道,沙蚝,12,0.0,11918,回迁房,2013,320,未知,未知,未知,有回迁房,单一来源,乐有家小区档案（西环路康城花园，深圳市蚝业小学西，12号线沙蚝站约124米）：产权性质“经济适用房”、开发商“蚝业村”、建筑年代2013、320户、总建面1万㎡、容积率1.8、200车位。开发主体为村股份公司+经适房属性，实质为村统建/安置性质房源，非普通商品房。坐标已与OSM点位交叉核对（换算后偏差<50米），排除龙岗中海康城花园同名混淆。
386,会展湾雍境,宝安区,沙井街道,海上田园南,12,0.0,36392,住宅小区,口径冲突：2023年拿地入市，房天下称预计2027年交付；乐有家两条记录分别记2019年与2024年,1331（雍境花园）／3000（招商会展湾雍境全盘）,未知,3-4房 78-115㎡（另有约91㎡热销户型）,部分,无,单一来源,招商蛇口（深圳市招雍置业有限公司）开发、招商局物业。乐有家“会展湾雍境花园”：占地3.78万㎡（与OSM 36392㎡吻合）、总建面22.17万㎡、容积率3.7、1331户、1908车位、商品房、建筑年代2019（疑为错误/报建年份）；乐有家“招商会展湾雍境”另记建筑年代2024、3000户。搜狐/网易稿：原为2023-03-31集中土拍A301-0602宗地，招商22.18亿元竞得，沙井第2个“新规”楼盘、得房率最高105%，2025-03-22开放样板房。平台把一二期拆成多条记录，年份与户数口径混乱。地铁12号线海上田园南站A口约50米。
387,华发新城华苑一期,宝安区,沙井街道,海上田园南,12,163.3,30004,安居房人才房,2024-2025,2712（全盘南北两地块）／3160（乐有家“新城华苑”口径）,未知,以中小户型为主（人才房产品，未查到确切面积段）,否,无,确认,正式名“深圳前海·华发冰雪世界·华发新城（新城华苑）”，沙井展景路与展林路交汇处，深圳融华置地投资有限公司开发、华发物业城市服务（深圳）管理。属人才住房（非普通商品房）：知乎测评称“共2712套、深圳该年度最大的人才房社区、分南北两地块、有10年锁定期”；房天下：占地102841.63㎡、普通住宅70年产权、参考价约3.05万/㎡；乐有家“新城华苑”：建筑年代2024、3160户、总建面41万㎡、容积率3.1、2800车位、商品房、物业费3.9元。12号线海上田园南站约451米（OSM 163米为地块边缘口径）。
388,云海臻府,宝安区,沙井街道,海上田园南,12,34.1,26436,住宅小区,2025,744,未知,未知,未知,无,单一来源,乐有家小区档案（宝安区锦程路1021-9号，12号线海上田园南站约314米）：建筑年代2025、744户、总建面161979.61㎡、容积率4.14、绿化40%、1000车位、产权性质商品房、开发商深圳市臻海置业有限公司、物业第一太平戴维斯。户型面积段未查到。坐标已与OSM点位交叉核对。
389,春和雅苑,宝安区,沙井街道,马安山,11,0.0,17114,城中村改造,2008-2010,1260,4,未知,未知,有回迁房,确认,乐有家：产权性质“经济适用房 | 自建房（集资房）”、开发商“村委开发”、物业“春和物业”、建筑年代2008、1260户、总建面4万㎡、容积率2.3、125车位、物业费1.8元、11号线马安山站约80米；深圳都市圈：2010年、4栋、125车位、权属“商品房/私产”。权属口径冲突，但“村委开发+经适/集资房”指向村统建安置性质。
390,马安山花园,宝安区,沙井街道,马安山,11,4.5,12294,城中村改造,2016,未知,未知,未知（同片区在售多为76-88㎡两三房）,未知,有回迁房,单一来源,乐有家小区档案（沙井鞍山二路40号，11号线马安山站约60米）：产权性质“自建房（集资房）”、建筑年代2016；总建面、户数、栋数、车位均无数据。集资房属性=村/单位统建，非商品房红本。坐标已与OSM点位交叉核对（换算后偏差约30米）。
391,学府雅苑,宝安区,沙井街道,马安山,11,188.9,4546,城中村改造,2009,305,3,未知,未知,有回迁房,确认,乐有家：产权性质“自建房（集资房）”、开发商“万丰村委”、物业“小区物业”、2009年、305户、总建面8万㎡、容积率1.9、绿化33%、100车位、11号线马安山站约345米；深圳都市圈：新安路、3栋、100车位，但权属标“商品房”，与乐有家冲突——“万丰村委”开发指向村统建楼。另注意305户对应8万㎡建面（约262㎡/户）不合常理，户数或建面之一有误。深圳有多个“学府雅苑”，已用坐标确认为沙井马安山这一个。
392,集信名城,宝安区,燕罗街道,松岗公园,6,6.6,146302,住宅小区,2004-2009（乐有家2007／深圳都市圈2007-2009／房天下竣工2008-01／链家2004）,1634-1636,22,48-198㎡，主力两三房，含4室2厅114/148/198㎡与6室2厅大户,部分,无,确认,深圳市集信投资发展有限公司开发，70年产权商品房。乐有家：2007年、1634户、总建面10.6万㎡、容积率1.68、绿化47.8%、1800车位、6号线松岗公园站约311米；深圳都市圈：2007-2009年、22栋、2100车位；链家：2004年建成、22栋、1636户；房天下：竣工2008-01-16、占地66499.3㎡。OSM占地146302㎡且parts=2，明显大于房天下占地口径，可能把相邻地块合并。
393,园岭,宝安区,石岩街道,上屋,13/6,41.5,39319,城中村改造,未知,未知,未知（租房显示多栋6-10层）,出租以30㎡单间、60㎡两房为主,未知,未知,推测,仅摘要。实为宝安石岩街道（上屋/官田一带）“园岭村”城中村：安居客小区页写“该小区是由单位自建开发的房地产项目”，均价约7100元/㎡（小产权价位），最近地铁上屋站约244米，最近小学湖东小学；乐有家另收录“圆岭新村（园岭新村三巷八号）”单栋条目，无建成年代/户数。注意与福田区园岭新村、园岭花园（著名学区）完全不是一回事，本条为宝安石岩。
394,和合时代大厦,宝安区,石岩街道,上屋,13/6,147.1,9539,商务公寓,2021-2025（乐有家建筑年代2021；2022-04开盘、2025-06-30交房）,791,未知（单体综合体）,公寓35-53㎡（含精装两房）,否,无,确认,关键结论：这是40年产权商用公寓，不是70年住宅——房天下明确写“和合时代商用公寓产权为40年”、占地21900㎡、上屋大道与石环北路交汇处（13/6号线上屋站B出口直连）；安居客标签“公寓/现房”，物业费按“商住5.5元/㎡/月”，在售建面约35-53㎡、单价2.2-2.3万/㎡；乐有家：2021年、791户、总建面17万㎡、容积率4.07、900车位、万科物业、开发商深圳市恒居和信房地产开发有限公司。名字含“大厦”且OSM按住宅性质收录，属误判风险条目。
395,恒富花园,宝安区,石岩街道,上屋,13/6,78.1,8559,城中村改造,2015,256,未知,未知,未知,有回迁房,单一来源,乐有家小区档案（深圳市宝安区石岩园岭北环大道，6号线上屋站约243米、13号线上屋站约261米）：产权性质“自建房（集资房）”、开发商“村委建筑”、物业“村委管理”、建筑年代2015、256户、总建面2.8万㎡、容积率2.5、绿化率1%、106车位。村委开发+集资房，属统建楼/小产权，非商品房。坐标已与OSM点位交叉核对。
396,汇璟雅苑,宝安区,石岩街道,上屋,13/6,11.7,8498,回迁房,2023-2024,603（住宅套数，其中套内<90㎡ 428套、占70.98%）,3（一单元、二单元、三单元三栋围合）,两三房 76-89㎡为主（另有80㎡小三房）,否,整体回迁房,确认,关键结论：整体为拆迁安置房源——项目公示信息“汇璟雅苑（宗地号A721-0234）……住宅603套，套内小于90平428套占比70.98%，占地13543.77㎡、总建面117290.76㎡、容积率7.14、绿化25%、车位438”，标题明确写“上屋地铁口新盘，汇璟雅苑603套住宅（原赣深高铁安置房）”；乐有家亦把产权性质标为“福利房”，建筑年代2024、物业宝晨物业、物业费3.3元、13号线上屋站约95米。位于石岩街道北环路与田心大道交汇处（上屋社区）。
397,园岭桃园居,宝安区,石岩街道,上屋,13/6,15.5,5605,城中村改造,2003,未知,未知,未知,未知,未知,单一来源,OSM名'园岭桃园居'对应乐有家词条'桃园居'（宝安-石岩，地址：石岩镇北环大道与田心大道交汇处·园岭大道5号，距OSM点约58m）。乐有家记：2003年建成、物业用途住宅、产权性质'自建房（集资房）'、塔楼、小区自带物业、物业费1.0-1.3元/㎡，规划户数/栋数/建面全部'暂无数据'，无在售房源。判为石岩上屋社区集资房/统建楼性质，非普通商品房小区。所在片区为京基操盘的'上下屋及田心旧村'城市更新单元（拆除范围约11万㎡，上屋社区田心大道与宝石东路一带），但本小区是否被纳入拆除范围未核实，故resettlement记未知。房天下搜索该名只命中西乡'桃源居'系列（另一个盘），已排除同名混淆。
398,园岭大道5号,宝安区,石岩街道,上屋,13/6,46.9,3302,城中村改造,2003（推测，随桃园居）,未知,未知,未知,未知,未知,推测,OSM把它当独立地块（3302㎡），但'园岭大道5号'正是乐有家'桃园居'词条登记的门牌地址（石岩镇北环大道与田心大道交汇处·园岭大道5号），距该词条坐标仅约18m，与id397（园岭桃园居）紧邻。判定为同一集资房/统建楼小区的另一地块或楼栋，无独立数据源可核。任何户数/年代数字都来自桃园居条目，不可作为独立统计（与397合并计算，避免重复计数）。
399,富豪花园,宝安区,石岩街道,石岩,13,88.2,11378,住宅小区,未知,未知,未知,未知,未知,未知,推测,重度同名混淆风险：贝壳/房天下/乐有家/安居客收录的'富豪花园'均为龙岗坂田盘（布龙公路168号，2003年、509-533户、32栋），另有光明公明富豪花园B/D/E/G区、福田上步'富豪花园大厦'（1997年烂尾楼）。石岩本地的富豪花园只在城市吧（city8）查到定位：深圳市宝安区如意路与河滨北路交叉口往东北约50米（壁辉幼儿园东侧），分类'房产楼盘/住宅区'，周边公交为石岩人民医院西门、石岩公学西、田心居民小组——与OSM坐标（石岩站附近如意路一带）吻合。乐有家地图API在该地块周边只返回如意豪庭、佳华豪苑、农艺大厦，无富豪花园条目，说明其无在售房源、未进入主流中介小区库。建成年份/户数/栋数/户型全部无据可查，一律记未知。
400,桥头岭,宝安区,石岩街道,罗租,13,198.0,80942,城中村改造,未知（房天下'桥头岭二区'记2014）,未知,未知,未知（租盘以1-2房小户型为主）,否,未知,确认,确认的是性质而非数字。58同城小区页'罗租桥头岭'（石岩，小区地址：罗租工业大道）明确写：权属类别=集体租赁住房和城中村、开发商=单位自建、物业公司=业主自管、物业费0.90元/㎡、绿化率30%、产权年限暂无数据；房天下另有'桥头岭二区'（宝安石岩，罗租工业大道，建筑年代2014-01-01）。两源共同指向：这是罗租村的城中村/村统建楼片区（周边并列条目有罗租商住楼、罗租中新村、罗租下新村、罗租老村），不是商品房小区。OSM地块80942㎡且距罗租站198m，符合整片村域被划为住宅性用地的特征。户数/栋数/整体建成年代无数据。
401,星航华府,宝安区,福永街道,兴围,12,0.0,47846,住宅小区,2015,2898（乐有家）/3760（房天下）,7（乐有家）/8（房天下）,2-3房 78-89㎡为主，另有129-170㎡大户型,部分,未知,确认,兴围社区兴华路2号，距12号线兴围站约191m（乐有家实测），与OSM d_m=0基本一致。两源一致：2015年建成（房天下精确到2015-04-28）、宗地/占地42872.11㎡、总建面38万㎡、容积率6.9、绿化25%、物业费3.0元/㎡；户数与栋数口径冲突（2898户7栋 vs 3760户8栋）。在售房源建面88.92/79.79/78.52㎡及169.58/129.78/169.11㎡，故large_unit记'部分'。房天下产权描述写'星航华府普通住宅产权为70年'，这种措辞通常暗示项目内另有非70年产品（公寓/商办），但未查到明确的公寓部分数据。乐有家描述里出现'9室2厅170平''14室0厅'等，属大户型被改造成分租房源的登记，不代表原始户型设计。
402,怀德峰景,宝安区,福永街道,怀德,12,188.3,47077,混合,2015（南园）/2018（北园）,南园600户 + 北园1512户（房天下另记合计1555户）,6（南园，乐有家）/10（合计，房天下）,3-4房 80-92㎡为主，另有140-143㎡四五房,部分,有回迁房,确认,关键发现：本盘南北园性质不同。乐有家'怀德峰景北园'（id771310）描述原文：'怀德峰景北园为回迁房，南园为3栋商品住宅房'，北园产权性质登记为'自建房（集资房）'、开发商=深圳市怀德股份有限公司、1512户；乐有家'怀德峰景'（id46545）为商品房、600户6栋、开发商=深圳市怀德房地产开发有限公司。房天下产权描述亦写'怀德峰景南园普通住宅产权为70年'（只给南园背书），并记1555户/10栋、占地19740.56㎡、2016-10竣工。OSM地块47077㎡跨南北园，故判为混合、含回迁房。地铁：距12号线怀德站约403-407m，与OSM d_m=188m有差异（OSM按出入口算）。
403,怀德城市花园,宝安区,福永街道,怀德,12,104.9,6342,城中村改造,2008,252（房天下）/276（乐有家）,3,未知,未知,未知,确认,两源一致：2008年建成、福永大道国惠康百货楼上（商业裙楼上的住宅）、3栋。乐有家明确写'福永怀德村委统建楼'，产权性质='自建房（集资房）'、开发商=怀德村股份公司、物业=怀德居委会，故归入城中村/村统建楼一类而非商品房小区（房天下产权描述写70年，与乐有家的集资房口径冲突，以更具体的乐有家描述为准并标注冲突）。户数252-276户，占地约5000㎡（与OSM楼栋面积6342㎡量级相符，src=楼栋合理）。距12号线怀德站约369m。
404,翠岗小区一区,宝安区,福永街道,福围,12,24.0,22349,城中村改造,2006（房天下，口径可疑）,4391（房天下，数据自相矛盾）,70（房天下）,未知（租盘以1-2房小户型为主）,否,未知,单一来源,房天下'翠岗一区小区'：宝安区福永街道福围社区、产权70年、建筑年代2006-01-01、建筑面积51960㎡、占地24500㎡、房屋总数4391户、楼栋总数70栋、绿化40%、物业费1.5元。占地24500㎡与OSM 22349㎡吻合，但4391户对应仅5.196万㎡建面（≈11.8㎡/户）明显不成立，说明房天下把村片区的门牌套数与某一栋的建面混在一起，数字仅可作参考。70栋的规模+相邻'翠岗二区'安居客均价仅约1.35万元/㎡，指向福永怀德/福围一带的村统建楼-农民房群（小产权/集体用地性质），不是商品房小区。乐有家小区库无此条目（只有'翠岗一区一巷''怀德翠岗工业园二区'等路名/工业区POI）。
405,翠岗小区二区,宝安区,福永街道,福围,12,196.2,17270,城中村改造,1999（安居客）,未知,未知,未知（在租房源多为2房，4/12层电梯房）,否,未知,单一来源,安居客'翠岗二区'（宝安-福永板块）：本月均价13500元/㎡、绿化率20%、竣工时间1999年、总户数暂无数据。均价仅1.35万/㎡（同片区商品房如怀德峰景约4.5万/㎡）是农民房/小产权的强信号。城市吧记地址：宝安区福中路与翠岗一区五巷交叉口西50米，邻'福永翠岗二区''咸田二区'公交站，与id404同属翠岗村统建片区。房天下按名搜索只命中南山'学林雅院'（无关，已排除同名混淆）。乐有家、贝壳均无该小区词条。
406,永福苑,宝安区,福永街道,福围,12,64.7,13799,住宅小区,2013,504（乐有家）/522（房天下）,2,1-3房 43-85㎡（在售以64-65㎡两房为主）,否,未知,确认,两源高度一致：2013年建成（房天下记2013-05-22）、建筑面积43400.88㎡、占地13502.07㎡（OSM 13799㎡吻合）、2栋、商品房、开发商深圳市富通房地产集团、容积率2.6、绿化32.4%、物业费3.0元。户数504（乐有家规划户数）vs 522（房天下），差异不大。乐有家小区描述里'总共约有86户'与自家'规划户数504户'冲突，属描述文案错误，不采用。户型：43㎡一房、52/65㎡两房、85㎡三房，在售清一色64-65㎡，无大户型。距12号线福围站约285m。
407,金域豪庭,宝安区,福永街道,福永,11/12,88.6,101548,住宅小区,2005（二期）～2011（三期）,约1800+（一期350 + 二期719 + 三期754，分期口径混乱）,约22-26（一期18 + 三期4 + 二期若干）,2-3房 63-116㎡,否,未知,确认,OSM地块101548㎡是整个金域豪庭（西环路与福一路/同富裕路一带，距11号线福永站约428-462m），需按分期合并理解。乐有家：二期2005年建成、719户、板塔结合、容积1.88、物业费1.98-2.2元、在售79.84-116.64㎡；三期2011年建成、建面36万㎡、容积3.6、800车位、在售63.77-82.47㎡。房天下：三期2010-12-31竣工、754户、4栋、占地82445.9㎡；一期350户、18栋（竣工日期也写2010-12-31，与二期2005年冲突，房天下分期日期不可靠）。综合：一期/二期约2005年前后、三期2010-2011年，全盘户型集中在两三房63-116㎡，无120㎡+主力，故large_unit=否。
408,华强城市花园四期,宝安区,福海街道,塘尾,11,87.7,29001,混合,2023（乐有家'华强城四期'）,未知,未知,1-2房 36-73㎡小户型（在售房源标注为'公寓'）,否,无（推测）,单一来源,分期归属存疑，请谨慎使用。乐有家有独立条目'华强城四期'（id891112）：2023年建成、物业用途='住宅|写字楼|商铺'、产权性质商品房、在售房源全部标注为'公寓'（36/37.92/40㎡）、主要户型54.83-73㎡两房，规划户数/栋数/建面全部暂无数据——这套画像更像商务公寓/公寓式产品而非70年住宅，是本批最需要产权核实的一条。同一综合体的其他期为常规住宅：华强城市花园（id822337，2019年、2225户、建面184830㎡、容积4.59）、华强城三期（id845575，2018年、543户、在售88-128㎡普通住宅）、华强城五期（id865109，2019年、1247户）。OSM点到三期135m、五期188m、四期198m，坐标无法唯一定位（乐有家小区坐标精度约百米级），OSM名称写'四期'故按四期采信。房天下只有笼统的'华强城市花园'（记2005年，明显错误）。距11号线塘尾站约402-496m。
409,和安小区,宝安区,福海街道,福海西,12,95.1,45036,不确定,未知,未知,未知,未知（在租房源多为40㎡一房一厅，5/9层）,否,未知,推测,"高德地图：'和安小区'分类为商务住宅/住宅区/住宅小区，地址深圳市宝安区永和路77-3号附近，坐标22.691713,113.791485（与OSM点22.694592,113.786370相距约600m，OSM地块45036㎡较大，高德取点可能落在片区一角，但也不能排除是两个不同对象）。58同城/安居客租盘标注'福永和安小区 一房一厅大阳台天燃气 押一付一 1030元/月''免租15天，12号线福海西站 和平小区'，板块被归到宝安-桥头。租金与户型结构（40㎡一房一厅、民水民电、押一付一）指向和平社区一带的统建楼/农民房片区，但乐有家、房天下、贝壳三家小区库均无此条目（房天下按名搜索只命中义乌'和安公寓'与光明'明安花园'，已排除），建成年份、户数、栋数、产权性质全部无据，因此type记'不确定'而非强行归类。"
410,德金花园,宝安区,福海街道,福海西,12,10.5,21208,城中村改造,2011,1106（房天下）/60（乐有家，疑误）,4（乐有家A-D栋）/7（房天下）,未知,未知,未知,确认,两源一致：2011年建成（房天下记2011-05-01）、福永和平社区和平路与松福路交汇处、建筑面积60000㎡、集资房性质。房天下'产权描述'字段直接写'集资房'；乐有家物业公司=和平村委、开发商字段写'集资房'、小区描述原文'和平是集资房''下面3层是商铺'，因此归入村股份公司集资房/统建楼一类，不是普通商品房。户数与栋数口径冲突极大（乐有家60户4栋 vs 房天下1106户7栋；按6万㎡建面推算1106户更合理）。占地25000㎡（OSM 21208㎡量级相符）、容积率2.3、绿化25%、物业费1.8-2.8元。距12号线福海西站约239m。
411,壹航城,宝安区,航城街道,后瑞,1,0.0,26040,写字楼商业,未知,未知,未知,无住宅户型（酒店客房+长租公寓）,否,未知,单一来源,这条应从'住宅小区'口径中剔除。项目宣传官网（flight1city.com，传意投资）自述：'以主题餐饮、特色餐饮、服务配套、娱乐休闲业态为主，主体商业与地铁1号线后瑞站无缝连接'——即后瑞站上盖商业综合体。同址还有壹航酒店（flightone.cn，宝安大道后瑞社区新瑞路）与ONE公寓/壹航公寓（oneapt.cn，长租公寓运营商）。房天下收录名为'壹航城 FlightOne City'（宝安新瑞路13号，宝安-福永），无建成年份/户数/产权任何字段。城市吧分类为'购物'类POI（航城街道后瑞）。未见任何70年产权可售住宅证据，OSM将其纳入住宅性用地属误判或因含公寓楼体。
412,后瑞华庭,宝安区,航城街道,后瑞,1,53.6,8011,城中村改造,2004,290,未知,小户型为主（在租多为1室1厅，塔楼共16层）,否,未知,确认,两源一致：竣工2004年、绿化率30%。房天下：地址大埔北路（宝安-宝安机场板块）、开发商=深圳市后瑞合作股份有限公司、物业=深圳市后瑞物业管理有限公司；安居客：总户数290户、本月均价约15060元/㎡。开发主体是后瑞村股份合作公司+均价仅1.5万/㎡（同片区商品房约4万+），判为后瑞村统建楼/集资房性质，非商品房小区。在租房源为'1室1厅 7/16层 普通住宅 小区公寓式'。OSM地块8011㎡与单体塔楼量级相符。乐有家小区库无此条目（周边只有'后瑞南村一巷53号'等门牌POI）。
413,南航明珠花园,宝安区,航城街道,固戍,1,168.2,82310,宿舍单位房,2011,700,约11栋（其中1栋分A/B/C/D）,3-4房 88㎡小三房、108㎡标准三房、138㎡四房,部分,未知,单一来源,乐有家词条名为'南航明珠'（宝安-航城，宝安大道西侧、航城大道北侧，距OSM点约37m）：2011年建成、物业用途住宅、产权性质='自建房（集资房）'、开发商=中国南方航空股份有限公司深圳公司、物业=深圳市航天物业管理有限公司、规划户数700户、700车位、建筑面积287390㎡、容积率3（描述称2.4）、绿化35%，配幼儿园/游泳池/会所。小区描述：'总共分11栋，其中一栋分为A B C D栋…户型有88㎡小三房、108㎡标准三房、138㎡四房'。因此判为南航深圳公司的单位集资房（现可上市交易，但非普通商品房）。房天下按名搜索只命中南山华侨城'明珠花园'（新中路24号，264户）——不同盘，已排除同名混淆。OSM地块82310㎡与描述占地约8万㎡一致。距1号线固戍站约536m（OSM d_m=168m按出入口算）。
414,西乡安居家园,宝安区,航城街道,固戍,1,187.0,26407,安居房人才房,2013-2014,701,5,2-3房 70㎡与85㎡两种（套数比1:1，最大不超90㎡）,否,整体安居房,确认,确认为深圳安居型商品房（保障房），全名'卓越西乡安居家园'。多源一致：宝安区西乡街道宝安大道与航城大道交汇处、用地面积24008.78㎡（OSM 26407㎡吻合）、计容建面64820㎡（其中居住58200㎡、商业4000㎡）、安居房701套、按70㎡和85㎡两种户型各半设计、最大户型不超90㎡、销售均价7380元/㎡（2010年'限地价竞房价'方式出让，卓越置业竞得），2013年市住建局发布申购通告，房天下记竣工2014-06-01、乐有家记2013年建成。房天下条目名为'西乡安居花园'、产权描述'经济适用房产权为70年'、记274户5栋（户数与官方701套冲突，以官方/百科701套为准）。乐有家条目名'安居家园'、701户、建面64820㎡、物业费2.7元、在售75.54/88.67/89.44㎡。
415,富士君荟,宝安区,西乡街道,固戍,1,9.0,19416,混合,2020-2022,488（房天下）/640（乐有家）,9,3房约102㎡为主，另有58㎡小户型与143㎡大户型,部分,未知,确认,关键点：房天下产权描述明确写'富士君荟普通住宅产权为70年，商用公寓产权为40年'——项目同时含70年住宅与40年商务公寓，故type=混合。房天下：固戍二路与宝安大道交汇处、竣工2020-11-13、占地14937.44㎡（OSM 19416㎡）、488户、9栋、物业=深圳市富士万辉物业。乐有家条目名'富士君荟苑'：2022年建成、商品房、640户640车位、建面110528.88㎡、容积3.5、物业费3.95-5.0元、在售58.38/102.53/102.71/143.84㎡（乐有家描述又称'约300户'，自相矛盾，不采用）。建成年份两源差2年（2020竣工 vs 2022交付口径）。距1号线固戍站约186m。
416,万象新天一期,宝安区,西乡街道,固戍,1,123.1,12482,住宅小区,2012-2013,518（乐有家，一期）/881（房天下，疑含二期）,3（乐有家）/4（房天下）,2-3房 62-78㎡，另有114㎡,否,未知,确认,乐有家'万象新天一期'（别称'香格丽湾园'）：2013年建成、商品房、开发商深圳市草围投资有限公司、物业吉达物业、518户、3栋、建面128171㎡、占地35000㎡、容积2.5、绿化35%、物业费3.3元、在售62.63/70.85/71/77.47/113.8㎡。房天下'万象新天'（产权描述写'一期住宅'）：2012-10-25竣工、建面128171㎡、占地48764.33㎡、881户、4栋。占地口径差异说明房天下用的是一二三期合计地块（48764㎡），故881户可能含二期。注意：一期/二期/三期三个地块紧邻（乐有家二期坐标距OSM点仅约20m），OSM按名称标'一期'，分期归属有不确定性。距1号线固戍站约212m。
417,万象新天三期,宝安区,西乡街道,固戍,1,17.5,11231,混合,2015,392（乐有家）/866（房天下）,1（房天下）/2（乐有家，均16层）,1-2房 28-53㎡（以40多㎡两房为主，每层另有40㎡一房一厅）,否,未知,确认,产品实为小户型公寓式，需按公寓对待。乐有家：2015年建成、物业用途='住宅|写字楼|商铺'、产权性质商品房、开发商草围投资、392户、建面50000㎡、容积4、物业费高达6.0元/㎡，在售房源全部标注'公寓'（28/28.43/35.02/44.15/53.26㎡）；小区描述：'小区共有两栋，都是16层的小高层，4梯N户，开发商统一装修，2015年交楼，户型主要以四十多平的两房为主，每一层还有一户40平的一房一厅'。房天下则记竣工2015-12-31、产权'70年'、866户、1栋、均价34021元/㎡。是40年商务公寓还是70年小户型住宅两源冲突，未能确证，故type=混合并提示核产权。距1号线固戍站约130m（OSM 17.5m按出入口算）。
418,富士君悦府,宝安区,西乡街道,固戍,1,151.3,10496,住宅小区,2021,407（乐有家规划户数）/752（其描述称住宅752套）,未知,3-4房 78-129㎡，另有199㎡大平层,部分,未知,单一来源,乐有家：宝安大道富士君悦府（固戍片区）、2021年建成、商品房、开发商深圳市富士投资（集团）有限公司、物业富士物业、407户407车位、建面74035㎡、容积3.03、绿化30%、物业费3.95元；在售78.65/100.42/101.34/128.73㎡（3-4房）。其小区描述另称'产品约78-106-199㎡、住宅2梯4户、总套数住宅752套、毛坯、现房交付'，与'规划户数407'冲突，两个数字都列出。房天下无该盘条目（按名搜索无结果）。距1号线固戍站约94m。注意：与id415富士君荟苑同一开发商且紧邻（乐有家两点相距约100-230m），两盘容易混淆，本条以名称精确匹配为准。
419,和荣西湾,宝安区,西乡街道,固戍,1,181.2,10248,住宅小区,2024,236（乐有家）/318（房天下）,3,3房 67-89㎡,否,无,确认,全名'和荣西湾家园'。房天下：航城大道与顺昌路交界处、产权描述'和荣西湾家园普通住宅产权为70年'、占地13023㎡、建面26604㎡、318户、3栋、金地智慧物业、竣工2024-05-31、均价约5.5-5.6万/㎡。乐有家把它登记为'和荣家园'（同一建面26604.3㎡、同一开发商深圳市和荣鼎盛房地产开发有限公司、同为金地物业，坐标距OSM点约49m，判定为同一盘的异名）：2024年建成、商品房、236户、390车位、容积2.88、绿化40%、物业费5.5元、在售67.85/76/87.08/87.79/89㎡三房。安居客记13层小高层、物业费5.5元。虽名字带'家园'（深圳安居房常用命名），但售价按市场价、产权描述为普通住宅70年，无安居房/回迁证据，故resettlement=无。
420,宏发·前城滨海花园（二期）,宝安区,西乡街道,坪洲,1,156.0,34975,住宅小区,2017-2019,2080（全盘规划户数）,未知（一期含1栋40层塔楼，1-4层商业）,3-4房 74-117㎡为主，另有169㎡,部分,未知,单一来源,乐有家'前城滨海花园'（坐标距OSM点约20m）：西乡街道宝安大道与海城路交汇处、2017年建成（在售房源标2017与2019两个年份）、商品房、开发商深圳市宏发房地产开发有限公司、2080户、3500车位、建面70万㎡、容积6.9、绿化30%、物业费6.3-6.8元、距1号线坪洲站260m；描述：'宏发QCC前城'综合体的住宅部分，与地下商业接驳，一期推出B单元共40层、1-4层商业、5-40层住宅、89㎡三房三梯六户。在售74.76/88/88.01/117.26/117.65/169.55㎡。房天下无对应条目。OSM地块34975㎡只是二期部分，2080户为全盘口径，聚合时注意不要与一期重复计数。
421,半岛明苑,宝安区,西乡街道,坪洲,1,187.4,15312,住宅小区,1997-1999,一期123户（房天下记全盘587户，口径不一）,4（一期）,2-3房 66-80㎡,否,未知,确认,乐有家'半岛明苑一期'（别称半岛名苑，坐标距OSM点约20m）：西乡码头路9号、1997年建成（在售标1997/1999）、商品房、绿威物业、123户、4栋、一二期宗地合计11026.8㎡、容积2.12、绿化36%、物业费1.0元、多层板楼、户型66㎡两房与79.19㎡三房、距1号线坪洲站385m；描述明确'半岛明苑分一二期建设，一期原名半岛明苑，二期安泰花园'（见id424）。房天下'半岛明苑'：码头路9号、70年产权、2000-01-01、587户、13栋、占地7872.94㎡、半岛物业——587户/13栋疑为把周边楼栋合并统计，与一期123户4栋差异大，两组数字都保留并标注冲突。
422,雅涛花园,宝安区,西乡街道,坪洲,1,146.8,14183,住宅小区,2000-2001,350（房天下）/416（乐有家）,7,2-3房 61-89㎡为主，另有102-108㎡四房与159-188㎡复式,部分,未知,确认,两源一致：开发商深圳市方华房地产开发公司、建筑面积30000㎡、容积率2.23、7栋、距1号线坪洲站约300m。房天下：码头路109号、70年产权、2001-01-01、占地13000㎡（OSM 14183㎡吻合）、350户、绿化15%、物业费0.8元、晋大物业；乐有家：2000年建成、416户、118车位、绿化15%、物业费1.0元、众厦实业物业、在售66.63/66.8/81.1㎡。乐有家描述：'A1A2栋、B1B2B3栋、C1C2栋，7层楼梯房，一梯四户；61平两房、80与89平三房、102与108平四房、159与188平复式'——存在四房与复式大户型，但主力仍是两三房，故large_unit=部分。
423,白金假日公寓,宝安区,西乡街道,坪洲,1,179.0,8168,住宅小区,2007,744,1,1-2房 25-45㎡（38㎡一房、43㎡两房、45㎡复式三房）,否,未知,确认,名字带'公寓'但两源都指向70年产权住宅：房天下产权描述'70年产权'、2007年、建面54728.12㎡、占地6676.63㎡（OSM 8168㎡）、744户、1栋、开发商深圳市澎柏置地实业；乐有家：2007年建成、物业用途'住宅'、产权性质'商品房'、744户、359车位、容积6、绿化27%、物业费2.8元、嘉品物业、在售房源全部标注'普通住宅'（25/35.66/40.83/43.36/43.4/43.41㎡），描述'1栋744户，38平一房、43平2房、45平复式3房，每个户型都有送面积；四楼有空中花园、游泳池、健身房'。距1号线坪洲站约232m。
424,安泰花园,宝安区,西乡街道,坪洲,1,119.5,6647,住宅小区,1999-2001,192（房天下）/196（乐有家）,3,2-3房 70.59㎡两房、80.5㎡三房,否,未知,确认,重要别名关系：安泰花园即半岛明苑二期。乐有家id2052词条名'半岛明苑二期'，描述原文：'安泰花园，别称半岛名苑二期，坐落于宝安区西乡街道码头路，一二期宗地面积11026.8㎡，安泰花园有3栋2个单元，196户，一层为商铺，二层至七层为住宅。主要户型：80.5平米的3室2厅、70.59平米的2室2厅'；该词条坐标距OSM点仅约11m。房天下独立条目'安泰花园'：宝安58区宝源路、70年、2001-01-01、建面13222㎡、192户、3栋（另有'安泰花园商铺'条目记1995年）。1999（乐有家）与2001（房天下）年份小幅冲突。距1号线坪洲站约185m。聚合时注意与id421（半岛明苑一期）是同一大盘的两期，不要重复统计一二期合计宗地11026.8㎡。
425,丽景城,宝安区,西乡街道,宝安客运,12,61.0,72526,住宅小区,2002-2003,1924（乐有家）/2071（房天下）,11（乐有家）/12（房天下）,3-4房 82-132㎡为主（另有65㎡两房与160-200㎡大户型）,部分,未知,确认,两源一致：宝安76区前进二路与西乡大道交汇处、建筑面积230000㎡、开元国际物业、开发商深圳鸿荣源。乐有家：2002年建成、1924户、11栋、1700车位、占地74151.4㎡（OSM 72526㎡吻合）、容积2.71、绿化53%、物业费1.5-2.5元、在售65/82.17/96.63/132.45/199.74㎡，描述主力'161.06㎡、108.28㎡、97.73㎡、99.2㎡'；房天下：2003-01-01、2071户、12栋、占地81000㎡。存在明显的四房及160-200㎡大户型供给（在售有132㎡与199㎡），但主力仍在82-132㎡区间，故large_unit=部分。距12号线宝安客运站站约346m。另注意龙华也有一个同名'丽景城'（房天下条目，同为开元物业），已按区域排除。
426,君成·雍和园,宝安区,西乡街道,宝安客运,12,168.3,23494,住宅小区,2015-2016,1079（乐有家）/1270（租房网）/2193（房天下）——三源冲突,4（房天下）/5（乐有家）,51-85㎡公寓式住宅 + 85-138㎡二三房 + 124-206㎡天际复式,部分,未知,确认,产权已核实为70年住宅：房天下产权描述'君成雍和园普通住宅产权为70年'，安居客新房页亦写'在售产权70年住宅产品，建面约72-84㎡'。多源一致：西乡前进路与西乡大道交汇处东、开发商深圳市君成投资发展有限公司、总建筑面积187250.91㎡、占地约25362.74㎡（OSM 23494㎡吻合）、圆想物业、超高层（在售房源显示共41-44层）。年份：房天下2015-03-15竣工，乐有家2016年建成。户数三源分别为1079/1270/2193户，差异过大，全部列出。乐有家描述产品线：'51-85㎡公寓式住宅、85-138㎡二至三房、124-206㎡二至四房天际复式'，在售51.26/53.19/81.86/84/147.85㎡，故有大户型但非主力。距12号线宝安客运站站约333m。
427,金雅新园,宝安区,西乡街道,宝安客运,12,163.0,11387,不确定,未知,未知,未知,未知,未知,未知,推测,名称族群混乱，无法定案。房天下确实有条目'金雅新园'（宝安区-西乡）但除名字外全部字段为空。同片区还有：①乐有家'金雅园'（别称河西金雅园，宝安-流塘，宝民二路，1997年建成，产权性质'自建房（集资房）'，距OSM点约536m）；②安居客'金雅新苑'（宝安-西乡，竣工2003年，物业类型标注为'公寓'，均价约32743元/㎡）；③'金雅新村'（安居客租盘标为城中村，12-18层单间公寓，近宝田一路地铁站）。四个名字指向的可能是同一片区的不同楼群，也可能是不同对象；OSM点（宝安客运站附近、11387㎡）无法与其中任一唯一对应。若上游需要该条数据，建议实地或用产权登记核实，切勿套用'金雅园1997年集资房'的数字。
428,凤田中心区,宝安区,西乡街道,宝田一路,12,55.7,38627,城中村改造,未知,未知,未知,未知（在租房源多为1室1厅，3/8层，民水民电）,否,未知,推测,乐有家有词条'凤田中心区'（宝安-西乡，地址字段只写'凤凰岗'，坐标距OSM点约40m），但建筑年代/户数/栋数/建面/容积率/物业费全部'暂无数据'，无在售无在租。城市吧记地址：前进二路109号，靠近凤凰岗东九巷、凤凰岗北一巷；安居客/58租盘为'1室1厅 3/8层 普通住宅、免中介费押一付一、民水民电、距宝田一路地铁站138米'。综合（村巷命名体系+民水民电小户型租盘+主流小区库无任何基础数据+OSM地块38627㎡整片），判为西乡凤凰岗村的城中村/统建楼中心片区而非商品房小区，但缺少权属类别的直接证据，故confidence=推测。
429,臣田新苑,宝安区,西乡街道,宝田一路,12,81.6,20649,住宅小区,2006,205（安居客与龙房网一致，但与建面严重不符）,未知（小高层）,未知,未知,未知,确认,两源一致：宝安区西乡街道宝田一路9号、2006年竣工、总户数205户、物业=深圳市东方之星物业管理有限公司、开发商=深圳市臣田股份合作公司（村股份合作公司自建，但安居客明确记'产权时间70年'）、有电梯、民水民电。龙房网补充：占地面积32246㎡、建筑面积50142㎡、容积率1.55、绿化率41%。数据疑点：205户对应50142㎡建面≈245㎡/户，明显不合理（可能户数只统计了其中一栋，或建面口径含商业/整个片区），故units_total标注了这一矛盾。房天下只收录了'臣田新苑商铺'（宝田一路，2006年，东方之星物业），百度百科有'臣田新苑'词条（地址、物业、周边学校，无户数）。OSM地块20649㎡小于龙房网占地32246㎡，可能只覆盖住宅部分。距12号线宝田一路站约80m。
430,中熙·香缤山花园,宝安区,西乡街道,宝田一路,12,170.2,17287,混合,2014,638,未知,二房、三房（4种二房+1种三房备案户型）,否,未知,确认,深房网楼盘库备案名『中熙香缤山花园(三期)』：中熙地产，凤凰岗社区凤凰岗路与宝田路交汇处，占地31259㎡、建面127460㎡、容积率4.08、638套、810车位、2013-05-31开盘；乐有家标建筑年代2014年建成，房天下称2014-12-30入住；同一地块另有写字楼『中熙·ECO国际』367套，故为住宅+商业+写字楼综合体（OSM 17287㎡仅住宅地块部分）。
431,凤凰天誉,宝安区,西乡街道,宝田一路,12,119.3,15189,混合,2020,400,未知,未知（在售/在租见58㎡及一房户型，另有4室2厅2卫）,未知,未知,单一来源,深房网备案名『凤凰天誉华府』：天通万年房地产，前进二路与宝田一路交汇处，占地14346㎡、建面93412㎡、容积率4.07、400套，物业类型含商品住宅+商业+写字楼；建成年份仅乐有家租房页标『2020年建成』（仅摘要），未有第二来源；容积率4.07且含写字楼，需警惕含商务公寓成分。
432,凤凰雅居,宝安区,西乡街道,宝田一路,12,94.3,12901,住宅小区,2008-2009,576-580,未知,一房45㎡、三房75㎡为主，另有四房101㎡（共30层）,否,未知,确认,深房网：裕盛房地产，前进二路与宝田一路交汇处西北侧，576套、容积率3.20、2008-09-24开盘、荣盛物业；吉屋网标『建成2008、产权70年、户数580、宝田一路13号』；乐有家/幸福里租房页标2009年建成、共30层。70年产权普通住宅，小户型为主。
433,畔山美地嘉园,宝安区,西乡街道,平峦山,12,113.4,40832,城中村改造,未知,436,未知,未知,未知,未知,推测,产权性质存疑：深房网记为商品住宅+商业（开发主体『深圳市佳特利股份合作公司』即村股份合作公司，436套、占地36960㎡、建面130452㎡、容积率2.4调整为2.44、860车位），但网络高频联想词为『是小产权吗/小产权利弊/统建房/有红本吗/是商品房吗』，判为村股份公司统建房一类；建成年份多来源均未给出，故 confidence=推测。
434,古海花园,宝安区,西乡街道,平峦山,12,104.3,4879,住宅小区,1994,120-126,2,未知（90年代小体量，推测小户型）,未知,未知,确认,安居客与58同城均标『竣工1994年、产权70年、总户数121户、开发商单位自建、业主自管』；幸福里标宝田三路50号、总户数120、容积率2.50、物业费0.9元；房天下标房屋总数126户、楼栋总数2栋。二手参考价约5.5万元/㎡，属红本商品住宅。OSM 4879㎡与2栋规模吻合。
435,流塘荔景小区,宝安区,西乡街道,流塘,12,110.3,119114,城中村改造,2002-2018,约5236（存疑）,未知（政府答复提到『荔景新村16栋』）,25-32㎡ 单间/一房为主（10-12层，月租1180-1280元）,否,未知,单一来源,非商品房小区：即流塘旧村/荔景新村片区统建农民房。安居客标竣工2018年、容积率1.20、物业费仅0.50元/㎡（另一条『流塘荔景新村』标5236户、车位300即1:0.1）；幸福里参考价1.76-2.81万元/㎡，远低于周边商品房5万+；南方+报道阿里法拍平台曾出现『流塘荔景新村』32㎡住宅『永久使用权』1元起拍，即无红本。仅摘要，未打开原页。
436,新庄园小区,宝安区,西乡街道,流塘,12,87.9,38381,城中村改造,未知,未知,未知,未知,未知,未知,单一来源,宝安区政府门户网站『互动交流』答复市民留言《新庄园城市更新进度情况》时明确：『留言中提及的项目为宝安区西乡街道庄边旧村改造项目，该项目属于深府[2006]258号确定的70个旧城旧村改造项目之一』（2023-06-25，仅摘要）。即庄边旧村范围内的村屋/统建楼片区，无任何商品房备案数据；与相邻的『庄边金庄园』同属庄边村。
437,富盈门,宝安区,西乡街道,流塘,12,64.9,35427,住宅小区,2001,988,未知（共18层）,二房、三房为主（三房约100.6㎡），少量四房,否,未知,确认,深房网备案名『富盈门花园』：富通房地产集团，流塘路北侧，988套、总占地37107㎡、建面89517㎡（住宅82580㎡+商铺4458㎡）、容积率2.4、中海物业；幸福里租房页标流塘路330号、3室2厅100.6㎡、共18层、年代2001年。二手参考价约5.76万元/㎡。
438,中粮·锦云,宝安区,西乡街道,流塘,12,14.8,35090,住宅小区,2012,未知,未知,三房84-88㎡为主，另有65㎡二房、129㎡与174㎡的4-5房,部分,未知,确认,中粮地产（集团）开发，宝安前进路与流塘路交汇处西南／前进二路33号，房天下标建筑面积192810㎡、主力78-180㎡两房至三房；安居客户型库有86㎡三房、174㎡五房、65㎡二房；多条搜狐/公众号房源均写『2012年入伙』。乐有家标『中粮锦云花园』均价约6.96万元/㎡。深房网楼盘库无此条（避免与河源『锦云·颐和花园』混淆）。
439,庄边金庄园,宝安区,西乡街道,流塘,12,187.6,32508,城中村改造,2016,1169,未知（8-12层）,约25㎡单间/一房为主（月租1080-1180元）,否,未知,单一来源,庄边村统建楼，非红本商品房：安居客标竣工2016年、总户数1169户、均价1.38万元/㎡；幸福里标庄边路29号、开发商『单位自建』、参考价2.63万元/㎡，均远低于周边商品房。庄边村旧改一期的商品房部分是另一个项目『君成雍和园』（占地25446㎡、建面约18万㎡、1270户、33-45层、君成集团、2013-03开工），勿混淆。仅摘要。
440,富东花园,宝安区,西乡街道,流塘,12,181.8,24987,住宅小区,2000,409-460（楼盘网称1103，存疑）,未知（多层）,未知,未知,未知,确认,安居客、58同城、楼盘网均标竣工2000年、容积率1.25、绿化10%、物业为『深圳市河东物业管理有限公司』（河东村背景）、物业费0.8元；户数各家不一：安居客/58同城413户、Q房网409户（且标建筑年代1995年）、房天下460户、楼盘网1103户。开发商记为东莞市富民花园建造有限公司，地址流塘路。户数与年份存在来源冲突，已按多数取值。
441,嘉华花园,宝安区,西乡街道,流塘,12,21.2,15061,住宅小区,1994-1999（西区1994、东区1999）,东区419-579、西区140,东区3栋、西区1栋,小户型居多（安居客明确标注）,否,未知,确认,分东、西两区：安居客『嘉华花园(东区)』竣工1999年、产权70年、419户、开发商单位自建、嘉华物业、『小户型居多』；房天下『嘉华花园』流塘路30号、用地14080㎡（与OSM 15061㎡吻合）、建面37294㎡、板楼3栋、579户。西区在79区建安二路与流塘路交汇处，占地2395㎡、建面10414㎡、1栋、140户、容积率4.10，竣工1994-12（南都2019年报道其地下室浸水时亦称『竣工于1994年』）。
442,流塘阳光花园,宝安区,西乡街道,流塘,12,54.0,14158,混合,2015,898,10,住宅63-133㎡二至四房（实际成交见72㎡2+1房、89㎡4房）；商务公寓45-75㎡二三房,部分,未知,确认,深房网备案名『流塘阳光花园』（推广名流塘阳光）：阳光华艺地产，2014-10-29开盘、898套、1691车位；官方项目介绍写明为『旧城改造代表新作』『宝安城市更新项目之一』，集住宅+商务公寓+写字楼+商业，总占地42696㎡、计容建面193170㎡（住宅85490+商务公寓15270+办公35630+商业51650+公配5130），10栋22-32层。多条搜狐房源写『入伙2015年』，并有『46平公寓』在售，故商务公寓确实存在。属旧改项目但未查到回迁房的直接证据，resettlement 记未知。
443,河东骏丰园,宝安区,西乡街道,流塘,12,198.9,13657,城中村改造,2009,420,未知,未知,未知,未知,单一来源,河东村（西乡78区建安二路）片区：乐有家标『建筑年代2009年建成、物业用途住宅|商铺、产权性质福…（截断，疑福利房/自建房）』；房天下问答给出占地25342.15㎡、建面91971.94㎡、总户数420户、仅地面停车位、物业费0.48元/㎡·月（极低，典型村统建/福利房水平）；幸福里参考价仅6482元/㎡（数据异常但同样指向非红本）。宝安区政府稿件提到河东社区活动办在『骏丰园广场和旧村自由七队』。注意与另一个商品房项目『河东骏濠园/河东骏濠国际』（深房网id 9747，一房公寓、容积率6.34）不是同一个。
444,流塘75区小区,宝安区,西乡街道,流塘,12,46.5,3710,不确定,未知,未知,未知,未知,未知,未知,推测,多轮检索（深房网楼盘库、安居客、房天下、乐有家、幸福里）均查无此名。『75区』是宝安老城区的区号式称法（邻近还有76区），OSM 面积仅3710㎡，推测为1990年代旧住宅楼群或村/单位统建楼，非成规模商品房小区。全部字段按未知处理。
445,泰华·阳光海,宝安区,西乡街道,碧海湾,11,5.1,115206,住宅小区,2008-2010,2195-2436,未知,三房80-100㎡为主（备案12种三房），另有四房、复式与约140㎡小洋房,部分,未知,确认,深房网备案名『阳光海湾花园』（推广名泰华阳光海）：深圳金荣泰房地产开发，宝源路西南侧，2436套、占地111154㎡（与OSM 115206㎡吻合）、建面266800㎡、容积率2.4、泰华物业、2008-09-27开盘；房天下标别名『泰华阳光海湾』、房屋总数2195户，并另有『泰华阳光海别墅』分区；世联《泰华·阳光海开盘分析》报告日期2007-08-20；安居客2020年评论称『是2008年的小区』。交楼具体年份未直接查到，按开盘推断2008-2010。二手参考价7.2-8.4万元/㎡。
446,松茂·御龙湾,宝安区,西乡街道,碧海湾,11,176.0,40087,混合,2017-2018（推测，2015-08开盘）,2079,未知,一房40-49㎡、二房65㎡、三房、四房（建面49-99㎡为主）,部分,未知,单一来源,深房网备案名『松茂御龙湾雅苑』：松茂房地产集团，宝源路与银田路交汇处（11号线碧海湾站A口），2079套、占地39063㎡（与OSM 40087㎡吻合）、建面288454㎡、容积率5.50、2044车位、2015-08-21开盘、宝晨物业；容积率5.5且幸福里/相关搜索反复出现『松茂御龙湾公寓』『公寓户型图』，判为住宅+商务公寓+商业混合。交楼年份无来源直接给出，仅按开盘推断。
447,香缇湾花园,宝安区,西乡街道,碧海湾,11,129.0,29852,住宅小区,2008-2009,796,9,3室-6室、80-164㎡，三房为主,部分,未知,确认,全名『中熙香缇湾（花园）』，金海路25号：安居客小区简介写『于2008年竣工，总建筑面积约112341㎡、占地约27164㎡（与OSM 29852㎡吻合）、由9栋高层组成、容积率3.2、户型3室-6室80-164㎡、绿化36%、带游泳池』；乐有家标建筑年代2009年建成；深房网备案796套、二房(6)四房(2)户型、2008-08-08开盘、容积率3.2、中熙物业。二手参考价6.8-7.6万元/㎡。
448,榕江壹号院,宝安区,西乡街道,碧海湾,11,0.0,26960,住宅小区,2024,397-405,未知（安居客称A/B/C座，各分1、2单元）,三房、四房（相关搜索见140㎡、200㎡户型）,是,未知,确认,深房网：榕江实业开发，宝源路和金海路交汇处（11号线碧海湾站C口），397套、占地23441㎡（与OSM 26960㎡吻合）、建面129913㎡、容积率2.95、632车位、2021-11-18开盘、最早交房2024-04-10，备案户型为三房(2种)+四房(4种)，项目标签含『容积率低/品质住宅』，网易评测称高端住宅。冲突点：2021年一篇自媒体（财富青年）称『规划405户中面积低于90㎡的为328户约81%』，与住宅总面积5.3万㎡÷约400户≈130㎡/户及三四房户型表明显矛盾，以官方备案户型为准并保留此冲突记录。
449,锦明花园,宝安区,西乡街道,碧海湾,11,26.6,25367,住宅小区,2009,543,未知（23层高层）,三房约113㎡为主，另有二房与四房,部分,未知,确认,深房网备案名『锦明花园』（推广名锦新明铭邸）：锦新明实业开发，宝源路与银田路交汇处东北侧，543套、占地26129㎡（与OSM 25367㎡吻合）、容积率2.60、500车位、2008-07-22开盘、锦新明物业，介绍称『23层高层住宅，建筑面积88906.2㎡』；幸福里多条租房页标『年代2009年建成』，3室2厅2卫113㎡、4室2厅2卫在租；乐有家均价约5.84万元/㎡。
450,碧海君庭,宝安区,西乡街道,碧海湾,11,81.9,14095,住宅小区,2019-2020（推测，2017-08开盘）,404,未知,一至四房各1种备案户型；在租见87.58㎡二房/三房,未知,未知,单一来源,深房网：宣威田丰房地产开发，银田路与宝源路交汇处南侧，404套、占地16972㎡、建面59400㎡、容积率3.50、卓越兴隆物业，项目标签为『地铁周边、商住两用』（提示可能含公寓部分）；界面新闻2017-08-17报道『宝安西乡片区的碧海君庭项目正式开盘，均价6.5万元/平方米』，故交楼推断2019-2020，无直接来源。房天下二手参考价约7.49万元/㎡，属红本住宅价位。
451,圣淘沙骏园,宝安区,西乡街道,西乡,1,7.7,57461,住宅小区,2006,984-1134,未知（板楼）,二房66-80㎡、三房89-120㎡为主；四房126-140㎡及5房复式,部分,未知,确认,深房网：宏发房地产开发，西乡街道新湖路，总房源1134套（页面介绍写『规划总户数984户、停车位860个、容积率2.1、绿化率37.4%』），占地63094㎡（与OSM 57461㎡量级吻合）、建面132600㎡、宏业物业，主力户型面积区间明确列出；乐有家标建筑年代2006年、绿化38%、板楼；房天下同标竣工时间2006年、西乡大道与新湖路交汇处。安居客地址西乡大道286号，二手参考价7.4-8.1万元/㎡。
452,合正·汇一城,宝安区,西乡街道,西乡,1,0.0,48314,混合,2011-2012,1571,未知,二房为主（备案5种二房），三房约76.39㎡；另有复式4房,否,未知,确认,深房网备案名『魅力时代花园』（推广名合正汇一城）：银星房地产开发，西乡大道与新湖路交汇处，1571套、占地45235㎡（与OSM 48314㎡吻合）、建面338241㎡、容积率5.10、2050车位、2010-12-23开盘、合正物业，物业类型含商品住宅+商业+商业住宅；房天下标『竣工时间2011年』。是购物中心+住宅+公寓/商办的大型综合体（相关搜索含『合正汇一城办公室租售』），二手参考价约6.0-6.7万元/㎡。
453,碧海湾花园,宝安区,西乡街道,西乡,1,48.9,30691,住宅小区,1995-2001（来源冲突）,未知,未知（约7层、无电梯）,三房约92.6㎡（多层无电梯）,否,未知,单一来源,深房网楼盘库无此条。房天下小区页标『位于深圳宝安西乡，竣工时间2001年，地址西乡镇新湖路，占地面积32000㎡』（与OSM 30691㎡吻合），二手参考价约4.95万元/㎡；幸福里标新湾路305号、参考价5.9万元/㎡，在租3室2厅1卫92.6㎡、共7层、无电梯；乐有家一条租房记录却标『1995年建成』。年份两来源冲突，故给区间。注意板块名『碧海湾』另指11号线碧海湾站一带，本条实际位于西乡站附近新湖路，勿混淆。
454,海湾明珠,宝安区,西乡街道,西乡,1,0.0,28923,住宅小区,未知,693（一期364+二期329）,未知（相关搜索见『一期四栋』『6栋』）,一期二房、二期三房（备案户型）,否,未知,单一来源,全名『海湾明珠花园』，分一、二期，深房网两条：一期364套/建面33340㎡、二期329套/建面67300㎡，占地均记32174㎡（与OSM 28923㎡量级吻合）、容积率2.09、绿化35%、开发商深圳市恒明珠房地产开发有限公司自管物业、地址西乡镇新湖；安居客标悦和路2-16号、二手均价约4.82万元/㎡。多轮检索（房天下/乐有家/安居客/幸福里）均未给出竣工年份，按1990年代末至2000年代初推测但不落数。
455,海乐花园,宝安区,西乡街道,西乡,1,122.0,15523,住宅小区,未知,未知（深房网记24套，明显不全）,未知（相关搜索见『海乐花园2栋』）,二房（唯一备案户型）,未知,未知,推测,深房网：亚太工贸有限公司开发并自管物业，地址西乡镇盐田村，商品住宅，占地15937㎡（与OSM 15523㎡吻合）、建面21461㎡，但『总房源24』明显是残缺数据；安居客标新湾路110号、二手均价约5.34万元/㎡。竣工年份多轮检索无果；按开发商与占地/建面比（低层）推测为1990年代，未落数。注意外地同名『海乐花园』（海口/龙华等）易张冠李戴，本条以西乡盐田村/新湾路交叉确认。
456,蚝业雅苑,宝安区,西乡街道,西乡,1,174.9,3834,城中村改造,2012,未知,未知（OSM 3834㎡，疑单体）,未知（有三房在售）,未知,未知,单一来源,疑村股份公司统建楼：抖音百科『位于宝安西乡大道与新湖路交汇处的楼盘，于2012年5月1日竣工』；幸福里标地址为『西乡盐田新一村九巷』、参考价仅2.80万元/㎡（周边商品房5万+）；深圳写字楼网将其列为写字楼招商项目，故为住宅+写字楼混用单体；相关搜索高频出现『是正规小产权吗』『有红本吗』『小产权房三房』『属哪个村』。深房网楼盘库无此条。仅摘要。
457,桃源居西区,宝安区,西乡街道,西乡桃源,12,65.0,124198,住宅小区,1998-2008（桃源居分期）,未知（桃源居整体约1万余户）,未知,未知,未知,无,推测,『桃源居西区』不是备案名，是OSM对桃源居大社区西侧片区的统称，深房网/安居客/房天下均无同名条目。桃源居整体：深圳航空城（东部）实业有限公司开发、世外桃源物业，占地1.16平方公里、规划建面180万㎡、入住5万余人，为深圳最大住宅项目；房天下『桃源居』条标竣工2003年、107国道东侧前进路西侧、占地211112㎡；各分区竣工年份1996（12区）至2008（11区）不等。字段无法落到该片区，故 confidence=推测。
458,桃源居3区,宝安区,西乡街道,西乡桃源,12,48.7,32597,住宅小区,2002-2003,612,未知（容积率1.26，多层为主）,二房、三房为主（备案一房1+二房4+三房5种）,否,无,确认,深房网备案名『桃源居三区』：深圳航空城（东部）实业有限公司，西乡镇广深公路，612套、占地34845㎡（与OSM 32597㎡吻合）、建面49752㎡、容积率1.26、327车位、2002-04-28开盘、世外桃源物业；安居客标前进二路、二手均价约4.19万元/㎡。属桃源居大社区商品房分区，无回迁成分。
459,宝利小区,宝安区,西乡街道,西乡桃源,12,169.4,2269,不确定,未知,未知,未知,未知,未知,未知,推测,查无实据：深房网楼盘库、安居客、房天下、乐有家、幸福里均无『宝利小区』（西乡/桃源居）条目，只有相关搜索词『宝利小区具体位置』『宝利小区1栋』。OSM 面积仅2269㎡，推测为单体楼或极小型统建/自建楼群。特别提示同名混淆：深圳『宝利豪庭』位于宝安松岗街道楼岗大道1号、2004年建成，与本条（西乡桃源站旁）不是同一个。
460,桃源居15区,宝安区,西乡街道,钟屋南,12,184.5,60998,住宅小区,未知（桃源居整体1996-2008分期）,未知,未知,未知,未知,无,推测,桃源居分区之一（相关搜索有『桃源居15区介绍』『桃源居15区11栋』『桃源居15区户型图』），但深房网楼盘库只收录了3区、12区、13区、14区、锦绣清华园四区、桃源盛景园、桃源盛世园，安居客/房天下也没有15区独立小区页，故竣工年份、户数、栋数均查不到。开发商与物业同桃源居其余分区（深圳航空城（东部）实业有限公司／世外桃源物业）。
461,桃源居14区,宝安区,西乡街道,钟屋南,12,13.7,44629,住宅小区,1999-2000,947-1098,18,三房约93㎡为主（部分楼梯房），另有四房,否,无,确认,房天下：『竣工时间2000年，宝安区前进二路，占地面积44196㎡』——与OSM 44629㎡高度吻合，产权70年，二手参考价约4.07万元/㎡；乐有家：『建筑年代1999年建成、18栋、947户、产权性质商品房、车位数35』；深房网备案1098套、三房+四房户型、使用年限70年（其占地13225㎡一项与实际不符，疑仅某期）；搜狐房源称建成2002年、93㎡三房、楼梯房。年份取1999-2000。
